Tanggal,Pintu Masuk,Jumlah Kunjungan
2018-01-01,A. Pintu Udara,643177.0
2018-01-01,Soekarno-Hatta,210494.0
2018-01-01,Juanda,21532.0
2018-01-01,Kualanamu,15656.0
2018-01-01,Husein Sastranegara,11463.0
2018-01-01,Adi Sucipto,10849.0
2018-01-01,Sam Ratulangi,8507.0
2018-01-01,B. Pintu Laut,220044.0
2018-01-01,Ngurah Rai,345191.0
2018-01-01,Sultan Iskandar Muda,2802.0
2018-01-01,Ahmad Yani,1680.0
2018-01-01,Supadio,1284.0
2018-01-01,Hasanuddin,832.0
2018-01-01,Sultan Badaruddin II,727.0
2018-01-01,Minangkabau,3253.0
2018-01-01,Sultan Syarif Kasim II,2129.0
2018-01-01,Pintu Udara Lainnya,792.0
2018-01-01,Bandara Int. Lombok,5986.0
2018-01-01,Batam,115590.0
2018-01-01,C. Pintu Darat,234618.0
2018-01-01,Tanjung Balai Karimun,5689.0
2018-01-01,Tanjung Benoa,4626.0
2018-01-01,Tanjung Mas,2020.0
2018-01-01,Pintu Laut Lainnya,56373.0
2018-01-01,Jayapura,12616.0
2018-01-01,Tanjung Uban,26993.0
2018-01-01,Atambua,4601.0
2018-01-01,Tanjung Pinang,8753.0
2018-01-01,Nanga Badau,662.0
2018-01-01,Pintu Darat Lainnya,214828.0
2018-01-01,Jumlah (A+B+C),1097839.0
2018-01-01,Lainnya,
2018-01-01,Total,1097839.0
2018-01-01,Entikong,1534.0
2018-01-01,Aruk,377.0
2018-02-01,Pintu Udara Lainnya,697.0
2018-02-01,B. Pintu Laut,261044.0
2018-02-01,Ngurah Rai,443805.0
2018-02-01,Soekarno-Hatta,201981.0
2018-02-01,Juanda,19621.0
2018-02-01,Kualanamu,17740.0
2018-02-01,Husein Sastranegara,12212.0
2018-02-01,Bandara Int. Lombok,5800.0
2018-02-01,Sultan Iskandar Muda,2915.0
2018-02-01,Minangkabau,4459.0
2018-02-01,Sultan Syarif Kasim II,1942.0
2018-02-01,Ahmad Yani,1724.0
2018-02-01,Supadio,2356.0
2018-02-01,Hasanuddin,1004.0
2018-02-01,Sultan Badaruddin II,788.0
2018-02-01,A. Pintu Udara,740440.0
2018-02-01,Sam Ratulangi,10794.0
2018-02-01,Adi Sucipto,12602.0
2018-02-01,Atambua,3799.0
2018-02-01,Tanjung Pinang,10704.0
2018-02-01,Tanjung Balai Karimun,7832.0
2018-02-01,Tanjung Benoa,8616.0
2018-02-01,Tanjung Mas,3191.0
2018-02-01,Pintu Laut Lainnya,43272.0
2018-02-01,C. Pintu Darat,196019.0
2018-02-01,Jayapura,11696.0
2018-02-01,Tanjung Uban,31758.0
2018-02-01,Batam,155671.0
2018-02-01,Entikong,2100.0
2018-02-01,Aruk,928.0
2018-02-01,Pintu Darat Lainnya,176802.0
2018-02-01,Jumlah (A+B+C),1197503.0
2018-02-01,Lainnya,
2018-02-01,Total,1197503.0
2018-02-01,Nanga Badau,694.0
2018-03-01,Ngurah Rai,484846.0
2018-03-01,Soekarno-Hatta,244467.0
2018-03-01,Juanda,26391.0
2018-03-01,Kualanamu,21693.0
2018-03-01,Husein Sastranegara,15657.0
2018-03-01,Adi Sucipto,14055.0
2018-03-01,Bandara Int. Lombok,9880.0
2018-03-01,Sam Ratulangi,10114.0
2018-03-01,Pintu Udara Lainnya,1013.0
2018-03-01,Minangkabau,5057.0
2018-03-01,Sultan Iskandar Muda,3402.0
2018-03-01,Ahmad Yani,2020.0
2018-03-01,Supadio,2416.0
2018-03-01,Hasanuddin,1099.0
2018-03-01,Sultan Badaruddin II,1015.0
2018-03-01,A. Pintu Udara,845635.0
2018-03-01,Sultan Syarif Kasim II,2510.0
2018-03-01,C. Pintu Darat,212932.0
2018-03-01,Atambua,5250.0
2018-03-01,B. Pintu Laut,304859.0
2018-03-01,Tanjung Uban,37364.0
2018-03-01,Tanjung Pinang,13261.0
2018-03-01,Tanjung Balai Karimun,8337.0
2018-03-01,Tanjung Benoa,4254.0
2018-03-01,Pintu Laut Lainnya,59461.0
2018-03-01,Jayapura,10331.0
2018-03-01,Tanjung Mas,6988.0
2018-03-01,Entikong,2376.0
2018-03-01,Aruk,766.0
2018-03-01,Batam,175194.0
2018-03-01,Pintu Darat Lainnya,193548.0
2018-03-01,Jumlah (A+B+C),1363426.0
2018-03-01,Lainnya,
2018-03-01,Total,1363426.0
2018-03-01,Nanga Badau,661.0
2018-04-01,Husein Sastranegara,14163.0
2018-04-01,A. Pintu Udara,848734.0
2018-04-01,Ngurah Rai,516143.0
2018-04-01,Soekarno-Hatta,224978.0
2018-04-01,Juanda,26306.0
2018-04-01,Kualanamu,18538.0
2018-04-01,Pintu Udara Lainnya,976.0
2018-04-01,Sultan Badaruddin II,861.0
2018-04-01,Minangkabau,4293.0
2018-04-01,Sultan Syarif Kasim II,2044.0
2018-04-01,Sultan Iskandar Muda,2941.0
2018-04-01,Ahmad Yani,2232.0
2018-04-01,Supadio,1902.0
2018-04-01,Hasanuddin,1077.0
2018-04-01,Bandara Int. Lombok,10644.0
2018-04-01,Sam Ratulangi,10201.0
2018-04-01,Total,1302321.0
2018-04-01,Adi Sucipto,11435.0
2018-04-01,Jayapura,10641.0
2018-04-01,Tanjung Uban,32237.0
2018-04-01,Tanjung Pinang,10449.0
2018-04-01,Tanjung Balai Karimun,7328.0
2018-04-01,Tanjung Benoa,634.0
2018-04-01,Tanjung Mas,437.0
2018-04-01,Pintu Laut Lainnya,41644.0
2018-04-01,C. Pintu Darat,216754.0
2018-04-01,Aruk,587.0
2018-04-01,B. Pintu Laut,236833.0
2018-04-01,Entikong,1277.0
2018-04-01,Nanga Badau,661.0
2018-04-01,Pintu Darat Lainnya,198017.0
2018-04-01,Jumlah (A+B+C),1302321.0
2018-04-01,Lainnya,
2018-04-01,Batam,144104.0
2018-04-01,Atambua,5571.0
2018-05-01,Soekarno-Hatta,191631.0
2018-05-01,A. Pintu Udara,805452.0
2018-05-01,Ngurah Rai,526281.0
2018-05-01,Juanda,24420.0
2018-05-01,Husein Sastranegara,10453.0
2018-05-01,Adi Sucipto,9584.0
2018-05-01,Kualanamu,14624.0
2018-05-01,Sultan Iskandar Muda,1717.0
2018-05-01,Minangkabau,3002.0
2018-05-01,Sultan Syarif Kasim II,1666.0
2018-05-01,Pintu Udara Lainnya,695.0
2018-05-01,Ahmad Yani,1612.0
2018-05-01,Supadio,1473.0
2018-05-01,Hasanuddin,661.0
2018-05-01,Bandara Int. Lombok,7512.0
2018-05-01,Sam Ratulangi,9405.0
2018-05-01,Sultan Badaruddin II,716.0
2018-05-01,B. Pintu Laut,230118.0
2018-05-01,Total,1242705.0
2018-05-01,Tanjung Pinang,11268.0
2018-05-01,Tanjung Balai Karimun,5295.0
2018-05-01,Tanjung Benoa,2231.0
2018-05-01,Tanjung Mas,137.0
2018-05-01,Pintu Laut Lainnya,35197.0
2018-05-01,C. Pintu Darat,207135.0
2018-05-01,Aruk,1051.0
2018-05-01,Tanjung Uban,33833.0
2018-05-01,Entikong,1827.0
2018-05-01,Nanga Badau,1114.0
2018-05-01,Pintu Darat Lainnya,189318.0
2018-05-01,Jumlah (A+B+C),1242705.0
2018-05-01,Lainnya,
2018-05-01,Batam,142157.0
2018-05-01,Jayapura,7542.0
2018-05-01,Atambua,6283.0
2018-06-01,A. Pintu Udara,817405.0
2018-06-01,Ngurah Rai,540462.0
2018-06-01,Soekarno-Hatta,182887.0
2018-06-01,Juanda,27329.0
2018-06-01,Kualanamu,18153.0
2018-06-01,Husein Sastranegara,6401.0
2018-06-01,Adi Sucipto,7547.0
2018-06-01,Sultan Syarif Kasim II,2838.0
2018-06-01,Sam Ratulangi,10107.0
2018-06-01,Minangkabau,4549.0
2018-06-01,Sultan Iskandar Muda,1468.0
2018-06-01,Ahmad Yani,1647.0
2018-06-01,Supadio,1652.0
2018-06-01,Hasanuddin,1216.0
2018-06-01,Sultan Badaruddin II,1311.0
2018-06-01,Pintu Udara Lainnya,979.0
2018-06-01,Bandara Int. Lombok,8859.0
2018-06-01,Total,1322674.0
2018-06-01,Jayapura,5864.0
2018-06-01,Pintu Laut Lainnya,56830.0
2018-06-01,Tanjung Uban,40296.0
2018-06-01,Tanjung Pinang,12815.0
2018-06-01,Tanjung Balai Karimun,7885.0
2018-06-01,Tanjung Benoa,4088.0
2018-06-01,Tanjung Mas,0.0
2018-06-01,C. Pintu Darat,215957.0
2018-06-01,B. Pintu Laut,289312.0
2018-06-01,Atambua,7047.0
2018-06-01,Entikong,2756.0
2018-06-01,Aruk,2200.0
2018-06-01,Nanga Badau,1331.0
2018-06-01,Pintu Darat Lainnya,196759.0
2018-06-01,Jumlah (A+B+C),1322674.0
2018-06-01,Lainnya,
2018-06-01,Batam,167398.0
2018-07-01,A. Pintu Udara,1073385.0
2018-07-01,Ngurah Rai,624263.0
2018-07-01,Soekarno-Hatta,322808.0
2018-07-01,Juanda,33390.0
2018-07-01,Kualanamu,22330.0
2018-07-01,Husein Sastranegara,12751.0
2018-07-01,Adi Sucipto,13642.0
2018-07-01,Sultan Syarif Kasim II,2417.0
2018-07-01,Sam Ratulangi,11875.0
2018-07-01,Minangkabau,5100.0
2018-07-01,Sultan Iskandar Muda,3297.0
2018-07-01,Ahmad Yani,2114.0
2018-07-01,Supadio,1639.0
2018-07-01,Hasanuddin,1566.0
2018-07-01,Sultan Badaruddin II,1185.0
2018-07-01,Pintu Udara Lainnya,1028.0
2018-07-01,Bandara Int. Lombok,13980.0
2018-07-01,Total,1547231.0
2018-07-01,Jayapura,6643.0
2018-07-01,B. Pintu Laut,252458.0
2018-07-01,Tanjung Uban,52228.0
2018-07-01,Tanjung Pinang,10661.0
2018-07-01,Tanjung Balai Karimun,6397.0
2018-07-01,Tanjung Benoa,29.0
2018-07-01,Pintu Laut Lainnya,38908.0
2018-07-01,C. Pintu Darat,221388.0
2018-07-01,Tanjung Mas,0.0
2018-07-01,Atambua,6508.0
2018-07-01,Entikong,1453.0
2018-07-01,Nanga Badau,849.0
2018-07-01,Pintu Darat Lainnya,205110.0
2018-07-01,Jumlah (A+B+C),1547231.0
2018-07-01,Lainnya,
2018-07-01,Batam,144235.0
2018-07-01,Aruk,825.0
2018-08-01,Adi Sucipto,13468.0
2018-08-01,A. Pintu Udara,1006054.0
2018-08-01,Ngurah Rai,571380.0
2018-08-01,Soekarno-Hatta,308698.0
2018-08-01,Juanda,34166.0
2018-08-01,Husein Sastranegara,13697.0
2018-08-01,Kualanamu,23753.0
2018-08-01,Pintu Udara Lainnya,939.0
2018-08-01,Minangkabau,5602.0
2018-08-01,Sultan Syarif Kasim II,2977.0
2018-08-01,Sultan Iskandar Muda,3087.0
2018-08-01,Ahmad Yani,2650.0
2018-08-01,Supadio,1992.0
2018-08-01,Hasanuddin,1626.0
2018-08-01,Bandara Int. Lombok,4308.0
2018-08-01,Sam Ratulangi,15448.0
2018-08-01,Sultan Badaruddin II,2263.0
2018-08-01,Atambua,7912.0
2018-08-01,Total,1511021.0
2018-08-01,Tanjung Pinang,12310.0
2018-08-01,Tanjung Balai Karimun,6913.0
2018-08-01,Tanjung Benoa,1315.0
2018-08-01,Tanjung Mas,0.0
2018-08-01,Pintu Laut Lainnya,43469.0
2018-08-01,C. Pintu Darat,224099.0
2018-08-01,Aruk,1516.0
2018-08-01,Tanjung Uban,57643.0
2018-08-01,Entikong,1821.0
2018-08-01,Nanga Badau,1121.0
2018-08-01,Pintu Darat Lainnya,204023.0
2018-08-01,Jumlah (A+B+C),1511021.0
2018-08-01,Lainnya,
2018-08-01,Batam,159218.0
2018-08-01,Jayapura,7706.0
2018-08-01,B. Pintu Laut,280868.0
2018-09-01,A. Pintu Udara,911326.0
2018-09-01,Ngurah Rai,555888.0
2018-09-01,Soekarno-Hatta,250058.0
2018-09-01,Juanda,24835.0
2018-09-01,Kualanamu,19851.0
2018-09-01,Husein Sastranegara,13328.0
2018-09-01,Adi Sucipto,12553.0
2018-09-01,Sultan Syarif Kasim II,2321.0
2018-09-01,Sam Ratulangi,12730.0
2018-09-01,Minangkabau,5094.0
2018-09-01,Sultan Iskandar Muda,3074.0
2018-09-01,Ahmad Yani,2117.0
2018-09-01,Supadio,2254.0
2018-09-01,Hasanuddin,1281.0
2018-09-01,Sultan Badaruddin II,1160.0
2018-09-01,Pintu Udara Lainnya,916.0
2018-09-01,Jayapura,11220.0
2018-09-01,Bandara Int. Lombok,3866.0
2018-09-01,Total,1370943.0
2018-09-01,Pintu Laut Lainnya,37527.0
2018-09-01,Tanjung Uban,53214.0
2018-09-01,Tanjung Pinang,12530.0
2018-09-01,Tanjung Balai Karimun,7292.0
2018-09-01,Tanjung Benoa,15.0
2018-09-01,Tanjung Mas,0.0
2018-09-01,C. Pintu Darat,195095.0
2018-09-01,B. Pintu Laut,264522.0
2018-09-01,Atambua,8575.0
2018-09-01,Entikong,1608.0
2018-09-01,Aruk,1143.0
2018-09-01,Nanga Badau,1097.0
2018-09-01,Pintu Darat Lainnya,171452.0
2018-09-01,Jumlah (A+B+C),1370943.0
2018-09-01,Lainnya,
2018-09-01,Batam,153944.0
2018-10-01,Ngurah Rai,515181.0
2018-10-01,Soekarno-Hatta,244775.0
2018-10-01,Juanda,25938.0
2018-10-01,Kualanamu,15744.0
2018-10-01,Husein Sastranegara,13850.0
2018-10-01,Adi Sucipto,11613.0
2018-10-01,Bandara Int. Lombok,3515.0
2018-10-01,Sultan Iskandar Muda,2058.0
2018-10-01,Minangkabau,4055.0
2018-10-01,Sultan Syarif Kasim II,2654.0
2018-10-01,Ahmad Yani,2022.0
2018-10-01,Supadio,1697.0
2018-10-01,Hasanuddin,1187.0
2018-10-01,Sultan Badaruddin II,1167.0
2018-10-01,Pintu Udara Lainnya,1441.0
2018-10-01,A. Pintu Udara,855240.0
2018-10-01,Sam Ratulangi,8343.0
2018-10-01,B. Pintu Laut,243901.0
2018-10-01,Atambua,8246.0
2018-10-01,Batam,141337.0
2018-10-01,Tanjung Pinang,10759.0
2018-10-01,Tanjung Balai Karimun,5981.0
2018-10-01,Tanjung Benoa,2030.0
2018-10-01,Tanjung Mas,133.0
2018-10-01,C. Pintu Darat,192464.0
2018-10-01,Jayapura,14147.0
2018-10-01,Pintu Laut Lainnya,35919.0
2018-10-01,Entikong,1235.0
2018-10-01,Aruk,745.0
2018-10-01,Pintu Darat Lainnya,166993.0
2018-10-01,Jumlah (A+B+C),1291605.0
2018-10-01,Lainnya,
2018-10-01,Total,1291605.0
2018-10-01,Tanjung Uban,47742.0
2018-10-01,Nanga Badau,1098.0
2018-11-01,Husein Sastranegara,14280.0
2018-11-01,A. Pintu Udara,716298.0
2018-11-01,Ngurah Rai,406679.0
2018-11-01,Soekarno-Hatta,206820.0
2018-11-01,Juanda,29992.0
2018-11-01,B. Pintu Laut,259832.0
2018-11-01,Adi Sucipto,10661.0
2018-11-01,Pintu Udara Lainnya,2162.0
2018-11-01,Minangkabau,5118.0
2018-11-01,Sultan Syarif Kasim II,3265.0
2018-11-01,Sultan Iskandar Muda,1137.0
2018-11-01,Ahmad Yani,1844.0
2018-11-01,Supadio,2352.0
2018-11-01,Hasanuddin,1171.0
2018-11-01,Sultan Badaruddin II,1238.0
2018-11-01,Kualanamu,21538.0
2018-11-01,Sam Ratulangi,5735.0
2018-11-01,Bandara Int. Lombok,2306.0
2018-11-01,Jayapura,2467.0
2018-11-01,Tanjung Pinang,11073.0
2018-11-01,Tanjung Balai Karimun,6749.0
2018-11-01,Tanjung Benoa,46.0
2018-11-01,Tanjung Mas,4686.0
2018-11-01,Pintu Laut Lainnya,34162.0
2018-11-01,C. Pintu Darat,181353.0
2018-11-01,Total,1157483.0
2018-11-01,Batam,155283.0
2018-11-01,Atambua,8207.0
2018-11-01,Entikong,1585.0
2018-11-01,Nanga Badau,1034.0
2018-11-01,Pintu Darat Lainnya,166994.0
2018-11-01,Jumlah (A+B+C),1157483.0
2018-11-01,Lainnya,
2018-11-01,Tanjung Uban,47833.0
2018-11-01,Aruk,1066.0
2018-12-01,Ngurah Rai,495641.0
2018-12-01,Juanda,26609.0
2018-12-01,Kualanamu,19966.0
2018-12-01,Husein Sastranegara,17311.0
2018-12-01,Adi Sucipto,10813.0
2018-12-01,Bandara Int. Lombok,3151.0
2018-12-01,Ahmad Yani,1930.0
2018-12-01,Sultan Syarif Kasim II,3013.0
2018-12-01,Sultan Iskandar Muda,1315.0
2018-12-01,A. Pintu Udara,825635.0
2018-12-01,Supadio,2033.0
2018-12-01,Hasanuddin,1406.0
2018-12-01,Pintu Udara Lainnya,2381.0
2018-12-01,Total,1405554.0
2018-12-01,Minangkabau,4801.0
2018-12-01,Lainnya,
2018-12-01,Soekarno-Hatta,224989.0
2018-12-01,Sultan Badaruddin II,1431.0
2018-12-01,Sam Ratulangi,8845.0
2018-12-01,Tanjung Uban,61258.0
2018-12-01,Tanjung Pinang,16020.0
2018-12-01,Tanjung Balai Karimun,9020.0
2018-12-01,Tanjung Benoa,3178.0
2018-12-01,Pintu Laut Lainnya,45685.0
2018-12-01,Jumlah (A+B+C),1405554.0
2018-12-01,Jayapura,3202.0
2018-12-01,Tanjung Mas,2315.0
2018-12-01,Entikong,3641.0
2018-12-01,Aruk,1125.0
2018-12-01,Nanga Badau,1826.0
2018-12-01,Pintu Darat Lainnya,185581.0
2018-12-01,Batam,233153.0
2018-12-01,C. Pintu Darat,209290.0
2018-12-01,B. Pintu Laut,370629.0
2018-12-01,Atambua,13915.0
2019-01-01,Adi Sucipto,8055.0
2019-01-01,B. Pintu Laut,304479.0
2019-01-01,Soekarno-Hatta,174963.0
2019-01-01,Juanda,13792.0
2019-01-01,Kualanamu,16253.0
2019-01-01,Husein Sastranegara,12524.0
2019-01-01,Bandara Int. Lombok,2126.0
2019-01-01,Pintu Udara Lainnya,1972.0
2019-01-01,Ngurah Rai,451708.0
2019-01-01,Sultan Syarif Kasim II,2450.0
2019-01-01,Sultan Iskandar Muda,1676.0
2019-01-01,Ahmad Yani,2165.0
2019-01-01,Supadio,1598.0
2019-01-01,Hasanuddin,951.0
2019-01-01,Sultan Badaruddin II,1038.0
2019-01-01,Sam Ratulangi,10905.0
2019-01-01,Minangkabau,4528.0
2019-01-01,C. Pintu Darat,190552.0
2019-01-01,Entikong,1563.0
2019-01-01,A. Pintu Udara,706704.0
2019-01-01,Tanjung Pinang,9268.0
2019-01-01,Tanjung Balai Karimun,8572.0
2019-01-01,Tanjung Benoa,3862.0
2019-01-01,Tanjung Mas,1646.0
2019-01-01,Pintu Laut Lainnya,106115.0
2019-01-01,Jayapura,4418.0
2019-01-01,Batam,134415.0
2019-01-01,Atambua,7835.0
2019-01-01,Aruk,804.0
2019-01-01,Nanga Badau,1187.0
2019-01-01,Pintu Darat Lainnya,174745.0
2019-01-01,Jumlah (A+B+C),1201735.0
2019-01-01,Lainnya,
2019-01-01,Total,1201735.0
2019-01-01,Tanjung Uban,40601.0
2019-02-01,B. Pintu Laut,340751.0
2019-02-01,Ngurah Rai,436266.0
2019-02-01,Soekarno-Hatta,196183.0
2019-02-01,Juanda,17389.0
2019-02-01,Kualanamu,21815.0
2019-02-01,Husein Sastranegara,15127.0
2019-02-01,Adi Sucipto,9604.0
2019-02-01,Sultan Syarif Kasim II,2989.0
2019-02-01,A. Pintu Udara,731517.0
2019-02-01,Minangkabau,5144.0
2019-02-01,Sultan Iskandar Muda,1739.0
2019-02-01,Ahmad Yani,2033.0
2019-02-01,Supadio,2639.0
2019-02-01,Hasanuddin,1379.0
2019-02-01,Pintu Udara Lainnya,2742.0
2019-02-01,Bandara Int. Lombok,3590.0
2019-02-01,Sultan Badaruddin II,1573.0
2019-02-01,Sam Ratulangi,11305.0
2019-02-01,Atambua,5973.0
2019-02-01,Batam,159248.0
2019-02-01,Tanjung Uban,49394.0
2019-02-01,Tanjung Pinang,13141.0
2019-02-01,Tanjung Balai Karimun,11411.0
2019-02-01,Tanjung Benoa,1190.0
2019-02-01,Pintu Laut Lainnya,104039.0
2019-02-01,C. Pintu Darat,171728.0
2019-02-01,Tanjung Mas,2328.0
2019-02-01,Nanga Badau,1128.0
2019-02-01,Entikong,2158.0
2019-02-01,Aruk,1989.0
2019-02-01,Pintu Darat Lainnya,156591.0
2019-02-01,Jumlah (A+B+C),1243996.0
2019-02-01,Lainnya,
2019-02-01,Total,1243996.0
2019-02-01,Jayapura,3889.0
2019-03-01,Adi Sucipto,10550.0
2019-03-01,Ngurah Rai,441707.0
2019-03-01,Soekarno-Hatta,214161.0
2019-03-01,Juanda,20497.0
2019-03-01,Kualanamu,21129.0
2019-03-01,Husein Sastranegara,16342.0
2019-03-01,A. Pintu Udara,758821.0
2019-03-01,Sultan Badaruddin II,1419.0
2019-03-01,Minangkabau,6196.0
2019-03-01,Sultan Syarif Kasim II,3071.0
2019-03-01,Sultan Iskandar Muda,2134.0
2019-03-01,Ahmad Yani,2296.0
2019-03-01,Supadio,2316.0
2019-03-01,Hasanuddin,1825.0
2019-03-01,Sam Ratulangi,10761.0
2019-03-01,Pintu Udara Lainnya,849.0
2019-03-01,C. Pintu Darat,174392.0
2019-03-01,Bandara Int. Lombok,3568.0
2019-03-01,Atambua,6741.0
2019-03-01,Tanjung Pinang,15813.0
2019-03-01,Tanjung Balai Karimun,10859.0
2019-03-01,Tanjung Benoa,7862.0
2019-03-01,Tanjung Mas,4999.0
2019-03-01,Pintu Laut Lainnya,105548.0
2019-03-01,Jayapura,3871.0
2019-03-01,Nanga Badau,1185.0
2019-03-01,Tanjung Uban,61156.0
2019-03-01,B. Pintu Laut,378698.0
2019-03-01,Aruk,2171.0
2019-03-01,Batam,172461.0
2019-03-01,Pintu Darat Lainnya,158058.0
2019-03-01,Jumlah (A+B+C),1311911.0
2019-03-01,Lainnya,
2019-03-01,Total,1311911.0
2019-03-01,Entikong,2366.0
2019-04-01,A. Pintu Udara,772038.0
2019-04-01,Ngurah Rai,476104.0
2019-04-01,Soekarno-Hatta,196977.0
2019-04-01,Juanda,18431.0
2019-04-01,Kualanamu,21613.0
2019-04-01,Husein Sastranegara,14738.0
2019-04-01,Adi Sucipto,9922.0
2019-04-01,Sultan Syarif Kasim II,2745.0
2019-04-01,Sam Ratulangi,11574.0
2019-04-01,Minangkabau,5434.0
2019-04-01,Sultan Iskandar Muda,2225.0
2019-04-01,Ahmad Yani,1635.0
2019-04-01,Supadio,1886.0
2019-04-01,Hasanuddin,1312.0
2019-04-01,Sultan Badaruddin II,1409.0
2019-04-01,Pintu Udara Lainnya,890.0
2019-04-01,Total,1274231.0
2019-04-01,Bandara Int. Lombok,5143.0
2019-04-01,Jayapura,4702.0
2019-04-01,Tanjung Uban,48560.0
2019-04-01,Tanjung Pinang,15841.0
2019-04-01,Tanjung Balai Karimun,10039.0
2019-04-01,Tanjung Benoa,53.0
2019-04-01,Tanjung Mas,1015.0
2019-04-01,Pintu Laut Lainnya,98566.0
2019-04-01,C. Pintu Darat,173309.0
2019-04-01,B. Pintu Laut,328884.0
2019-04-01,Atambua,9618.0
2019-04-01,Entikong,1333.0
2019-04-01,Nanga Badau,937.0
2019-04-01,Pintu Darat Lainnya,155883.0
2019-04-01,Jumlah (A+B+C),1274231.0
2019-04-01,Lainnya,
2019-04-01,Batam,154810.0
2019-04-01,Aruk,836.0
2019-05-01,Pintu Udara Lainnya,889.0
2019-05-01,A. Pintu Udara,711229.0
2019-05-01,Ngurah Rai,483928.0
2019-05-01,Soekarno-Hatta,156654.0
2019-05-01,Juanda,14529.0
2019-05-01,Husein Sastranegara,8029.0
2019-05-01,Adi Sucipto,6664.0
2019-05-01,Sultan Syarif Kasim II,2364.0
2019-05-01,Sam Ratulangi,9755.0
2019-05-01,Minangkabau,3576.0
2019-05-01,Sultan Iskandar Muda,1360.0
2019-05-01,Ahmad Yani,996.0
2019-05-01,Supadio,1527.0
2019-05-01,Hasanuddin,1105.0
2019-05-01,Sultan Badaruddin II,1396.0
2019-05-01,Kualanamu,15573.0
2019-05-01,Bandara Int. Lombok,2884.0
2019-05-01,B. Pintu Laut,335111.0
2019-05-01,Jayapura,4743.0
2019-05-01,Total,1249536.0
2019-05-01,Tanjung Uban,58673.0
2019-05-01,Tanjung Pinang,14816.0
2019-05-01,Tanjung Balai Karimun,6235.0
2019-05-01,Tanjung Benoa,37.0
2019-05-01,Pintu Laut Lainnya,109903.0
2019-05-01,C. Pintu Darat,203196.0
2019-05-01,Tanjung Mas,0.0
2019-05-01,Atambua,7457.0
2019-05-01,Entikong,1290.0
2019-05-01,Nanga Badau,1705.0
2019-05-01,Pintu Darat Lainnya,187062.0
2019-05-01,Jumlah (A+B+C),1249536.0
2019-05-01,Lainnya,
2019-05-01,Batam,145447.0
2019-05-01,Aruk,939.0
2019-06-01,Husein Sastranegara,8652.0
2019-06-01,A. Pintu Udara,829067.0
2019-06-01,Ngurah Rai,549483.0
2019-06-01,Soekarno-Hatta,190031.0
2019-06-01,Juanda,22485.0
2019-06-01,Kualanamu,18935.0
2019-06-01,Adi Sucipto,6583.0
2019-06-01,Sultan Badaruddin II,1725.0
2019-06-01,Sam Ratulangi,8339.0
2019-06-01,Minangkabau,5212.0
2019-06-01,Sultan Syarif Kasim II,2971.0
2019-06-01,Sultan Iskandar Muda,2051.0
2019-06-01,Ahmad Yani,1872.0
2019-06-01,Supadio,1567.0
2019-06-01,Hasanuddin,1385.0
2019-06-01,Pintu Udara Lainnya,1649.0
2019-06-01,Total,1434103.0
2019-06-01,Bandara Int. Lombok,6127.0
2019-06-01,Jayapura,4326.0
2019-06-01,Pintu Laut Lainnya,120142.0
2019-06-01,Tanjung Uban,61850.0
2019-06-01,Tanjung Pinang,18935.0
2019-06-01,Tanjung Balai Karimun,10118.0
2019-06-01,Tanjung Benoa,33.0
2019-06-01,Tanjung Mas,73.0
2019-06-01,C. Pintu Darat,218884.0
2019-06-01,B. Pintu Laut,386152.0
2019-06-01,Atambua,8718.0
2019-06-01,Entikong,2312.0
2019-06-01,Aruk,2081.0
2019-06-01,Nanga Badau,1495.0
2019-06-01,Pintu Darat Lainnya,199952.0
2019-06-01,Jumlah (A+B+C),1434103.0
2019-06-01,Lainnya,
2019-06-01,Batam,175001.0
2019-07-01,Ngurah Rai,604310.0
2019-07-01,Juanda,24913.0
2019-07-01,Kualanamu,20929.0
2019-07-01,Husein Sastranegara,12581.0
2019-07-01,Adi Sucipto,10480.0
2019-07-01,Pintu Udara Lainnya,2063.0
2019-07-01,Sultan Iskandar Muda,2823.0
2019-07-01,Minangkabau,5183.0
2019-07-01,Sultan Syarif Kasim II,2555.0
2019-07-01,A. Pintu Udara,975870.0
2019-07-01,Ahmad Yani,1851.0
2019-07-01,Supadio,1826.0
2019-07-01,Hasanuddin,1473.0
2019-07-01,Bandara Int. Lombok,5306.0
2019-07-01,Sam Ratulangi,11203.0
2019-07-01,Sultan Badaruddin II,1231.0
2019-07-01,Soekarno-Hatta,267143.0
2019-07-01,Total,1468173.0
2019-07-01,B. Pintu Laut,311429.0
2019-07-01,Tanjung Uban,49247.0
2019-07-01,Tanjung Pinang,11951.0
2019-07-01,Tanjung Balai Karimun,8425.0
2019-07-01,Tanjung Benoa,13.0
2019-07-01,Pintu Laut Lainnya,94006.0
2019-07-01,C. Pintu Darat,180874.0
2019-07-01,Aruk,1061.0
2019-07-01,Tanjung Mas,97.0
2019-07-01,Entikong,1720.0
2019-07-01,Nanga Badau,1178.0
2019-07-01,Pintu Darat Lainnya,162397.0
2019-07-01,Jumlah (A+B+C),1468173.0
2019-07-01,Lainnya,
2019-07-01,Batam,147690.0
2019-07-01,Jayapura,5557.0
2019-07-01,Atambua,8961.0
2019-08-01,Husein Sastranegara,13984.0
2019-08-01,Pintu Udara Lainnya,2506.0
2019-08-01,A. Pintu Udara,977033.0
2019-08-01,Ngurah Rai,602457.0
2019-08-01,Soekarno-Hatta,251596.0
2019-08-01,Juanda,29180.0
2019-08-01,Adi Sucipto,12013.0
2019-08-01,Sultan Badaruddin II,1605.0
2019-08-01,Sam Ratulangi,14171.0
2019-08-01,Minangkabau,5967.0
2019-08-01,Sultan Syarif Kasim II,3229.0
2019-08-01,Sultan Iskandar Muda,2935.0
2019-08-01,Ahmad Yani,2035.0
2019-08-01,Supadio,2127.0
2019-08-01,Hasanuddin,1983.0
2019-08-01,Kualanamu,24623.0
2019-08-01,Bandara Int. Lombok,6622.0
2019-08-01,B. Pintu Laut,368408.0
2019-08-01,Jayapura,5694.0
2019-08-01,Tanjung Uban,55638.0
2019-08-01,Tanjung Pinang,15621.0
2019-08-01,Tanjung Balai Karimun,10273.0
2019-08-01,Tanjung Benoa,1679.0
2019-08-01,Tanjung Mas,0.0
2019-08-01,Pintu Laut Lainnya,101796.0
2019-08-01,C. Pintu Darat,184827.0
2019-08-01,Total,1530268.0
2019-08-01,Atambua,9492.0
2019-08-01,Entikong,2265.0
2019-08-01,Nanga Badau,1226.0
2019-08-01,Pintu Darat Lainnya,164069.0
2019-08-01,Jumlah (A+B+C),1530268.0
2019-08-01,Lainnya,
2019-08-01,Batam,183401.0
2019-08-01,Aruk,2081.0
2019-09-01,A. Pintu Udara,900409.0
2019-09-01,Ngurah Rai,589984.0
2019-09-01,Soekarno-Hatta,211775.0
2019-09-01,Juanda,20462.0
2019-09-01,Kualanamu,18913.0
2019-09-01,Husein Sastranegara,12869.0
2019-09-01,Adi Sucipto,10609.0
2019-09-01,Sultan Syarif Kasim II,2409.0
2019-09-01,Sam Ratulangi,11874.0
2019-09-01,Minangkabau,4427.0
2019-09-01,Sultan Iskandar Muda,2371.0
2019-09-01,Ahmad Yani,1946.0
2019-09-01,Supadio,2077.0
2019-09-01,Hasanuddin,1503.0
2019-09-01,Sultan Badaruddin II,1287.0
2019-09-01,Pintu Udara Lainnya,1351.0
2019-09-01,Bandara Int. Lombok,6552.0
2019-09-01,Jayapura,4052.0
2019-09-01,Total,1388719.0
2019-09-01,B. Pintu Laut,327642.0
2019-09-01,Pintu Laut Lainnya,96772.0
2019-09-01,Tanjung Uban,50232.0
2019-09-01,Tanjung Pinang,12768.0
2019-09-01,Tanjung Balai Karimun,8245.0
2019-09-01,Tanjung Mas,266.0
2019-09-01,C. Pintu Darat,160668.0
2019-09-01,Tanjung Benoa,28.0
2019-09-01,Atambua,7731.0
2019-09-01,Entikong,1704.0
2019-09-01,Aruk,1066.0
2019-09-01,Nanga Badau,981.0
2019-09-01,Pintu Darat Lainnya,145134.0
2019-09-01,Jumlah (A+B+C),1388719.0
2019-09-01,Lainnya,
2019-09-01,Batam,159331.0
2019-10-01,Adi Sucipto,9535.0
2019-10-01,Ngurah Rai,565966.0
2019-10-01,Soekarno-Hatta,189231.0
2019-10-01,Juanda,20895.0
2019-10-01,Kualanamu,21518.0
2019-10-01,Husein Sastranegara,13420.0
2019-10-01,Bandara Int. Lombok,5711.0
2019-10-01,Pintu Udara Lainnya,2172.0
2019-10-01,Minangkabau,5271.0
2019-10-01,Sultan Syarif Kasim II,2677.0
2019-10-01,Sultan Iskandar Muda,2560.0
2019-10-01,Ahmad Yani,2225.0
2019-10-01,Supadio,1599.0
2019-10-01,Hasanuddin,1439.0
2019-10-01,Sultan Badaruddin II,1183.0
2019-10-01,A. Pintu Udara,855796.0
2019-10-01,B. Pintu Laut,332319.0
2019-10-01,Sam Ratulangi,10394.0
2019-10-01,Atambua,8994.0
2019-10-01,Tanjung Pinang,12406.0
2019-10-01,Tanjung Balai Karimun,8451.0
2019-10-01,Tanjung Benoa,2001.0
2019-10-01,Tanjung Mas,0.0
2019-10-01,Pintu Laut Lainnya,103172.0
2019-10-01,C. Pintu Darat,158319.0
2019-10-01,Jayapura,3874.0
2019-10-01,Batam,158619.0
2019-10-01,Entikong,1705.0
2019-10-01,Aruk,763.0
2019-10-01,Pintu Darat Lainnya,142072.0
2019-10-01,Jumlah (A+B+C),1346434.0
2019-10-01,Lainnya,
2019-10-01,Total,1346434.0
2019-10-01,Tanjung Uban,47670.0
2019-10-01,Nanga Badau,911.0
2019-11-01,A. Pintu Udara,777244.0
2019-11-01,Ngurah Rai,492904.0
2019-11-01,Juanda,20780.0
2019-11-01,B. Pintu Laut,358264.0
2019-11-01,Husein Sastranegara,14616.0
2019-11-01,Adi Sucipto,9218.0
2019-11-01,Kualanamu,20798.0
2019-11-01,Ahmad Yani,2296.0
2019-11-01,Sultan Syarif Kasim II,2917.0
2019-11-01,Sultan Iskandar Muda,2417.0
2019-11-01,Pintu Udara Lainnya,4006.0
2019-11-01,Supadio,1811.0
2019-11-01,Hasanuddin,1595.0
2019-11-01,Sultan Badaruddin II,1218.0
2019-11-01,Bandara Int. Lombok,4635.0
2019-11-01,Minangkabau,5013.0
2019-11-01,Sam Ratulangi,9261.0
2019-11-01,Soekarno-Hatta,183759.0
2019-11-01,Jayapura,5006.0
2019-11-01,Batam,167288.0
2019-11-01,Tanjung Balai Karimun,9209.0
2019-11-01,Tanjung Benoa,5021.0
2019-11-01,Tanjung Mas,2202.0
2019-11-01,Pintu Laut Lainnya,109792.0
2019-11-01,C. Pintu Darat,145273.0
2019-11-01,Total,1280781.0
2019-11-01,Aruk,1009.0
2019-11-01,Tanjung Pinang,12378.0
2019-11-01,Entikong,1691.0
2019-11-01,Nanga Badau,954.0
2019-11-01,Pintu Darat Lainnya,126789.0
2019-11-01,Jumlah (A+B+C),1280781.0
2019-11-01,Lainnya,
2019-11-01,Tanjung Uban,52374.0
2019-11-01,Atambua,9824.0
2019-12-01,Ngurah Rai,544726.0
2019-12-01,Total,1377067.0
2019-12-01,Juanda,20546.0
2019-12-01,Kualanamu,22431.0
2019-12-01,Husein Sastranegara,14951.0
2019-12-01,Adi Sucipto,9795.0
2019-12-01,Bandara Int. Lombok,5499.0
2019-12-01,Sultan Iskandar Muda,4012.0
2019-12-01,Sultan Syarif Kasim II,4042.0
2019-12-01,Ahmad Yani,2627.0
2019-12-01,Supadio,1527.0
2019-12-01,Hasanuddin,1821.0
2019-12-01,Pintu Udara Lainnya,3593.0
2019-12-01,A. Pintu Udara,838978.0
2019-12-01,Minangkabau,5180.0
2019-12-01,Lainnya,
2019-12-01,Soekarno-Hatta,186723.0
2019-12-01,Sultan Badaruddin II,762.0
2019-12-01,Tanjung Uban,59340.0
2019-12-01,Tanjung Pinang,16426.0
2019-12-01,Tanjung Balai Karimun,10916.0
2019-12-01,Tanjung Benoa,7677.0
2019-12-01,Tanjung Mas,5135.0
2019-12-01,Pintu Laut Lainnya,98769.0
2019-12-01,Jumlah (A+B+C),1377067.0
2019-12-01,Jayapura,6155.0
2019-12-01,Sam Ratulangi,10743.0
2019-12-01,Entikong,3177.0
2019-12-01,Aruk,1708.0
2019-12-01,Nanga Badau,1585.0
2019-12-01,Pintu Darat Lainnya,124408.0
2019-12-01,Batam,190232.0
2019-12-01,C. Pintu Darat,149594.0
2019-12-01,B. Pintu Laut,388495.0
2019-12-01,Atambua,12561.0
2023-01-01,B. Pintu Laut,224851.0
2023-01-01,Soekarno-Hatta,115101.0
2023-01-01,Juanda,10777.0
2023-01-01,Kualanamu,14146.0
2023-01-01,Husein Sastranegara,0.0
2023-01-01,Adi Sucipto,3878.0
2023-01-01,Bandara Int. Lombok,2202.0
2023-01-01,Sultan Iskandar Muda,1440.0
2023-01-01,Ngurah Rai,329909.0
2023-01-01,Sultan Syarif Kasim II,1624.0
2023-01-01,Ahmad Yani,1.0
2023-01-01,Supadio,0.0
2023-01-01,Hasanuddin,1066.0
2023-01-01,Sultan Badaruddin II,0.0
2023-01-01,Pintu Udara Lainnya,672.0
2023-01-01,Sam Ratulangi,803.0
2023-01-01,Minangkabau,2878.0
2023-01-01,Batam,93781.0
2023-01-01,Entikong,2508.0
2023-01-01,C. Pintu Darat,89121.0
2023-01-01,A. Pintu Udara,484497.0
2023-01-01,Tanjung Pinang,4973.0
2023-01-01,Tanjung Balai Karimun,5814.0
2023-01-01,Tanjung Benoa,1876.0
2023-01-01,Pintu Laut Lainnya,103450.0
2023-01-01,Jayapura,132.0
2023-01-01,Tanjung Mas,
2023-01-01,Atambua,2514.0
2023-01-01,Aruk,2542.0
2023-01-01,Nanga Badau,718.0
2023-01-01,Pintu Darat Lainnya,80707.0
2023-01-01,Jumlah (A+B+C),798469.0
2023-01-01,Lainnya,
2023-01-01,Total,798469.0
2023-01-01,Tanjung Uban,14957.0
2023-02-01,Husein Sastranegara,0.0
2023-02-01,B. Pintu Laut,191063.0
2023-02-01,Ngurah Rai,317005.0
2023-02-01,Soekarno-Hatta,124803.0
2023-02-01,Juanda,11882.0
2023-02-01,Kualanamu,15072.0
2023-02-01,Adi Sucipto,4839.0
2023-02-01,Sultan Badaruddin II,1.0
2023-02-01,A. Pintu Udara,487449.0
2023-02-01,Minangkabau,3590.0
2023-02-01,Sultan Syarif Kasim II,1914.0
2023-02-01,Sultan Iskandar Muda,2024.0
2023-02-01,Ahmad Yani,1.0
2023-02-01,Supadio,1.0
2023-02-01,Hasanuddin,1469.0
2023-02-01,Bandara Int. Lombok,2355.0
2023-02-01,Pintu Udara Lainnya,645.0
2023-02-01,Sam Ratulangi,1848.0
2023-02-01,Atambua,4212.0
2023-02-01,Tanjung Uban,11265.0
2023-02-01,Tanjung Pinang,2663.0
2023-02-01,Tanjung Balai Karimun,4795.0
2023-02-01,Tanjung Benoa,6505.0
2023-02-01,Tanjung Mas,
2023-02-01,Pintu Laut Lainnya,92745.0
2023-02-01,C. Pintu Darat,70924.0
2023-02-01,Batam,73090.0
2023-02-01,Nanga Badau,615.0
2023-02-01,Entikong,2725.0
2023-02-01,Aruk,2503.0
2023-02-01,Pintu Darat Lainnya,60783.0
2023-02-01,Jumlah (A+B+C),749436.0
2023-02-01,Lainnya,
2023-02-01,Total,749436.0
2023-02-01,Jayapura,86.0
2023-03-01,Soekarno-Hatta,140859.0
2023-03-01,Kualanamu,16106.0
2023-03-01,Husein Sastranegara,0.0
2023-03-01,Adi Sucipto,5007.0
2023-03-01,Bandara Int. Lombok,2099.0
2023-03-01,A. Pintu Udara,554665.0
2023-03-01,Sultan Iskandar Muda,1901.0
2023-03-01,Minangkabau,2765.0
2023-03-01,Sultan Syarif Kasim II,1697.0
2023-03-01,Ngurah Rai,366956.0
2023-03-01,Ahmad Yani,1.0
2023-03-01,Supadio,0.0
2023-03-01,Hasanuddin,921.0
2023-03-01,Sam Ratulangi,4793.0
2023-03-01,Pintu Udara Lainnya,953.0
2023-03-01,Sultan Badaruddin II,1.0
2023-03-01,Juanda,10606.0
2023-03-01,C. Pintu Darat,78398.0
2023-03-01,B. Pintu Laut,236181.0
2023-03-01,Tanjung Uban,19018.0
2023-03-01,Tanjung Pinang,4043.0
2023-03-01,Tanjung Balai Karimun,4835.0
2023-03-01,Tanjung Benoa,3738.0
2023-03-01,Pintu Laut Lainnya,107507.0
2023-03-01,Jayapura,106.0
2023-03-01,Nanga Badau,669.0
2023-03-01,Tanjung Mas,
2023-03-01,Aruk,2169.0
2023-03-01,Batam,97040.0
2023-03-01,Pintu Darat Lainnya,65533.0
2023-03-01,Jumlah (A+B+C),869244.0
2023-03-01,Lainnya,
2023-03-01,Total,869244.0
2023-03-01,Atambua,7016.0
2023-03-01,Entikong,2905.0
2023-04-01,Husein Sastranegara,0.0
2023-04-01,A. Pintu Udara,560434.0
2023-04-01,Ngurah Rai,410281.0
2023-04-01,Soekarno-Hatta,99289.0
2023-04-01,Juanda,12361.0
2023-04-01,Kualanamu,15497.0
2023-04-01,Adi Sucipto,5592.0
2023-04-01,Sultan Badaruddin II,0.0
2023-04-01,Sam Ratulangi,4156.0
2023-04-01,Minangkabau,4100.0
2023-04-01,Sultan Syarif Kasim II,2453.0
2023-04-01,Sultan Iskandar Muda,1349.0
2023-04-01,Ahmad Yani,0.0
2023-04-01,Supadio,0.0
2023-04-01,Hasanuddin,1564.0
2023-04-01,Pintu Udara Lainnya,889.0
2023-04-01,Bandara Int. Lombok,2903.0
2023-04-01,Total,865811.0
2023-04-01,Jayapura,91.0
2023-04-01,Tanjung Uban,18547.0
2023-04-01,Tanjung Pinang,5324.0
2023-04-01,Tanjung Balai Karimun,5801.0
2023-04-01,Tanjung Benoa,1229.0
2023-04-01,Tanjung Mas,
2023-04-01,Pintu Laut Lainnya,115983.0
2023-04-01,C. Pintu Darat,69717.0
2023-04-01,B. Pintu Laut,235660.0
2023-04-01,Atambua,7322.0
2023-04-01,Entikong,2929.0
2023-04-01,Nanga Badau,735.0
2023-04-01,Pintu Darat Lainnya,55048.0
2023-04-01,Jumlah (A+B+C),865811.0
2023-04-01,Lainnya,
2023-04-01,Batam,88776.0
2023-04-01,Aruk,3592.0
2023-05-01,Pintu Udara Lainnya,1543.0
2023-05-01,A. Pintu Udara,659065.0
2023-05-01,Ngurah Rai,439454.0
2023-05-01,Soekarno-Hatta,158550.0
2023-05-01,Juanda,15734.0
2023-05-01,Husein Sastranegara,17.0
2023-05-01,Adi Sucipto,8160.0
2023-05-01,Sultan Syarif Kasim II,2293.0
2023-05-01,Sam Ratulangi,3798.0
2023-05-01,Minangkabau,4624.0
2023-05-01,Sultan Iskandar Muda,2350.0
2023-05-01,Ahmad Yani,0.0
2023-05-01,Supadio,0.0
2023-05-01,Hasanuddin,1432.0
2023-05-01,Sultan Badaruddin II,0.0
2023-05-01,Kualanamu,16262.0
2023-05-01,Bandara Int. Lombok,4848.0
2023-05-01,B. Pintu Laut,214326.0
2023-05-01,Jayapura,8251.0
2023-05-01,Total,953714.0
2023-05-01,Tanjung Uban,15001.0
2023-05-01,Tanjung Pinang,3391.0
2023-05-01,Tanjung Balai Karimun,3590.0
2023-05-01,Tanjung Benoa,21.0
2023-05-01,Pintu Laut Lainnya,115746.0
2023-05-01,C. Pintu Darat,80323.0
2023-05-01,Tanjung Mas,
2023-05-01,Atambua,6651.0
2023-05-01,Entikong,2856.0
2023-05-01,Nanga Badau,1324.0
2023-05-01,Pintu Darat Lainnya,59184.0
2023-05-01,Jumlah (A+B+C),953714.0
2023-05-01,Lainnya,
2023-05-01,Batam,76577.0
2023-05-01,Aruk,2057.0
2023-06-01,Husein Sastranegara,24.0
2023-06-01,A. Pintu Udara,707476.0
2023-06-01,Ngurah Rai,478127.0
2023-06-01,Soekarno-Hatta,161114.0
2023-06-01,Juanda,18025.0
2023-06-01,Kualanamu,16527.0
2023-06-01,Adi Sucipto,11188.0
2023-06-01,Sultan Badaruddin II,0.0
2023-06-01,Sam Ratulangi,3691.0
2023-06-01,Minangkabau,5226.0
2023-06-01,Sultan Syarif Kasim II,2447.0
2023-06-01,Sultan Iskandar Muda,2157.0
2023-06-01,Ahmad Yani,0.0
2023-06-01,Supadio,0.0
2023-06-01,Hasanuddin,1888.0
2023-06-01,Pintu Udara Lainnya,1341.0
2023-06-01,Total,1062791.0
2023-06-01,Bandara Int. Lombok,5721.0
2023-06-01,Jayapura,9933.0
2023-06-01,Pintu Laut Lainnya,105187.0
2023-06-01,Tanjung Uban,26345.0
2023-06-01,Tanjung Pinang,6086.0
2023-06-01,Tanjung Balai Karimun,4734.0
2023-06-01,Tanjung Benoa,71.0
2023-06-01,Tanjung Mas,
2023-06-01,C. Pintu Darat,79276.0
2023-06-01,B. Pintu Laut,276039.0
2023-06-01,Atambua,8267.0
2023-06-01,Entikong,2819.0
2023-06-01,Aruk,2755.0
2023-06-01,Nanga Badau,1045.0
2023-06-01,Pintu Darat Lainnya,54457.0
2023-06-01,Jumlah (A+B+C),1062791.0
2023-06-01,Lainnya,
2023-06-01,Batam,133616.0
2023-07-01,A. Pintu Udara,819496.0
2023-07-01,Ngurah Rai,541272.0
2023-07-01,Soekarno-Hatta,204000.0
2023-07-01,Juanda,20303.0
2023-07-01,Kualanamu,17478.0
2023-07-01,Husein Sastranegara,3.0
2023-07-01,Adi Sucipto,12444.0
2023-07-01,Sultan Syarif Kasim II,2111.0
2023-07-01,Sam Ratulangi,3782.0
2023-07-01,Minangkabau,4946.0
2023-07-01,Sultan Iskandar Muda,2582.0
2023-07-01,Ahmad Yani,0.0
2023-07-01,Supadio,0.0
2023-07-01,Hasanuddin,1755.0
2023-07-01,Sultan Badaruddin II,11.0
2023-07-01,Pintu Udara Lainnya,2376.0
2023-07-01,Total,1121189.0
2023-07-01,Bandara Int. Lombok,6433.0
2023-07-01,Jayapura,7723.0
2023-07-01,Tanjung Uban,17619.0
2023-07-01,Tanjung Pinang,4010.0
2023-07-01,Tanjung Balai Karimun,4391.0
2023-07-01,Tanjung Benoa,81.0
2023-07-01,Tanjung Mas,
2023-07-01,Pintu Laut Lainnya,104632.0
2023-07-01,C. Pintu Darat,76587.0
2023-07-01,B. Pintu Laut,225106.0
2023-07-01,Atambua,8198.0
2023-07-01,Entikong,2639.0
2023-07-01,Nanga Badau,727.0
2023-07-01,Pintu Darat Lainnya,55468.0
2023-07-01,Jumlah (A+B+C),1121189.0
2023-07-01,Lainnya,
2023-07-01,Batam,94373.0
2023-07-01,Aruk,1832.0
2023-08-01,Pintu Udara Lainnya,1796.0
2023-08-01,A. Pintu Udara,826446.0
2023-08-01,Ngurah Rai,522063.0
2023-08-01,Soekarno-Hatta,218512.0
2023-08-01,Juanda,25548.0
2023-08-01,Husein Sastranegara,0.0
2023-08-01,Adi Sucipto,12974.0
2023-08-01,Sultan Syarif Kasim II,2770.0
2023-08-01,Sam Ratulangi,5397.0
2023-08-01,Minangkabau,5577.0
2023-08-01,Sultan Iskandar Muda,3108.0
2023-08-01,Ahmad Yani,0.0
2023-08-01,Supadio,0.0
2023-08-01,Hasanuddin,1609.0
2023-08-01,Sultan Badaruddin II,4.0
2023-08-01,Kualanamu,20843.0
2023-08-01,Bandara Int. Lombok,6245.0
2023-08-01,B. Pintu Laut,220199.0
2023-08-01,Jayapura,8335.0
2023-08-01,Total,1132638.0
2023-08-01,Tanjung Uban,19237.0
2023-08-01,Tanjung Pinang,4222.0
2023-08-01,Tanjung Balai Karimun,4173.0
2023-08-01,Tanjung Benoa,78.0
2023-08-01,Pintu Laut Lainnya,97888.0
2023-08-01,C. Pintu Darat,85993.0
2023-08-01,Tanjung Mas,
2023-08-01,Atambua,11895.0
2023-08-01,Entikong,3488.0
2023-08-01,Nanga Badau,628.0
2023-08-01,Pintu Darat Lainnya,58994.0
2023-08-01,Jumlah (A+B+C),1132638.0
2023-08-01,Lainnya,
2023-08-01,Batam,94601.0
2023-08-01,Aruk,2653.0
2023-09-01,Husein Sastranegara,0.0
2023-09-01,A. Pintu Udara,777537.0
2023-09-01,Ngurah Rai,508297.0
2023-09-01,Soekarno-Hatta,190058.0
2023-09-01,Juanda,25593.0
2023-09-01,Kualanamu,15783.0
2023-09-01,Adi Sucipto,11855.0
2023-09-01,Sultan Badaruddin II,0.0
2023-09-01,Sam Ratulangi,5922.0
2023-09-01,Minangkabau,5453.0
2023-09-01,Sultan Syarif Kasim II,2166.0
2023-09-01,Sultan Iskandar Muda,2481.0
2023-09-01,Ahmad Yani,8.0
2023-09-01,Supadio,0.0
2023-09-01,Hasanuddin,1787.0
2023-09-01,Pintu Udara Lainnya,1840.0
2023-09-01,Jayapura,8408.0
2023-09-01,Bandara Int. Lombok,6294.0
2023-09-01,Total,1070245.0
2023-09-01,Pintu Laut Lainnya,81533.0
2023-09-01,Tanjung Uban,20542.0
2023-09-01,Tanjung Pinang,4827.0
2023-09-01,Tanjung Balai Karimun,4345.0
2023-09-01,Tanjung Benoa,53.0
2023-09-01,Tanjung Mas,
2023-09-01,C. Pintu Darat,79938.0
2023-09-01,B. Pintu Laut,212770.0
2023-09-01,Atambua,8942.0
2023-09-01,Entikong,2418.0
2023-09-01,Aruk,1878.0
2023-09-01,Nanga Badau,680.0
2023-09-01,Pintu Darat Lainnya,57612.0
2023-09-01,Jumlah (A+B+C),1070245.0
2023-09-01,Lainnya,
2023-09-01,Batam,101470.0
2023-10-01,Soekarno-Hatta,181627.0
2023-10-01,Kualanamu,14161.0
2023-10-01,Husein Sastranegara,0.0
2023-10-01,Adi Sucipto,8536.0
2023-10-01,Bandara Int. Lombok,5904.0
2023-10-01,A. Pintu Udara,707584.0
2023-10-01,Ahmad Yani,0.0
2023-10-01,Sultan Syarif Kasim II,2377.0
2023-10-01,Sultan Iskandar Muda,1875.0
2023-10-01,Ngurah Rai,458845.0
2023-10-01,Supadio,0.0
2023-10-01,Hasanuddin,1175.0
2023-10-01,Sultan Badaruddin II,0.0
2023-10-01,Sam Ratulangi,4645.0
2023-10-01,Minangkabau,4925.0
2023-10-01,Pintu Udara Lainnya,1518.0
2023-10-01,Juanda,21996.0
2023-10-01,B. Pintu Laut,186161.0
2023-10-01,Batam,79646.0
2023-10-01,Tanjung Pinang,5065.0
2023-10-01,Tanjung Balai Karimun,4298.0
2023-10-01,Tanjung Benoa,2596.0
2023-10-01,Tanjung Mas,
2023-10-01,C. Pintu Darat,84774.0
2023-10-01,Jayapura,9174.0
2023-10-01,Nanga Badau,674.0
2023-10-01,Pintu Laut Lainnya,77718.0
2023-10-01,Aruk,1721.0
2023-10-01,Pintu Darat Lainnya,61231.0
2023-10-01,Jumlah (A+B+C),978519.0
2023-10-01,Lainnya,
2023-10-01,Total,978519.0
2023-10-01,Tanjung Uban,16838.0
2023-10-01,Atambua,9700.0
2023-10-01,Entikong,2274.0
2023-11-01,Husein Sastranegara,0.0
2023-11-01,A. Pintu Udara,656709.0
2023-11-01,Ngurah Rai,397522.0
2023-11-01,Soekarno-Hatta,186695.0
2023-11-01,Juanda,22389.0
2023-11-01,B. Pintu Laut,190258.0
2023-11-01,Adi Sucipto,9675.0
2023-11-01,Pintu Udara Lainnya,1585.0
2023-11-01,Minangkabau,5898.0
2023-11-01,Sultan Syarif Kasim II,2921.0
2023-11-01,Sultan Iskandar Muda,2577.0
2023-11-01,Ahmad Yani,0.0
2023-11-01,Supadio,0.0
2023-11-01,Hasanuddin,1194.0
2023-11-01,Sultan Badaruddin II,1.0
2023-11-01,Kualanamu,16363.0
2023-11-01,Bandara Int. Lombok,5278.0
2023-11-01,Sam Ratulangi,4611.0
2023-11-01,Jayapura,3729.0
2023-11-01,Tanjung Pinang,5912.0
2023-11-01,Tanjung Balai Karimun,4683.0
2023-11-01,Tanjung Benoa,5632.0
2023-11-01,Tanjung Mas,
2023-11-01,Pintu Laut Lainnya,53990.0
2023-11-01,C. Pintu Darat,84260.0
2023-11-01,Total,931227.0
2023-11-01,Batam,103497.0
2023-11-01,Atambua,8838.0
2023-11-01,Entikong,2364.0
2023-11-01,Nanga Badau,724.0
2023-11-01,Pintu Darat Lainnya,66815.0
2023-11-01,Jumlah (A+B+C),931227.0
2023-11-01,Lainnya,
2023-11-01,Tanjung Uban,16544.0
2023-11-01,Aruk,1790.0
2023-12-01,A. Pintu Udara,731293.0
2023-12-01,Ngurah Rai,478382.0
2023-12-01,Soekarno-Hatta,172397.0
2023-12-01,Juanda,23244.0
2023-12-01,Kualanamu,18237.0
2023-12-01,Husein Sastranegara,0.0
2023-12-01,Adi Sucipto,11338.0
2023-12-01,Sultan Iskandar Muda,3461.0
2023-12-01,Minangkabau,6710.0
2023-12-01,Sultan Syarif Kasim II,2964.0
2023-12-01,Ahmad Yani,0.0
2023-12-01,Supadio,2.0
2023-12-01,Hasanuddin,1500.0
2023-12-01,Pintu Udara Lainnya,1831.0
2023-12-01,Lainnya,
2023-12-01,Bandara Int. Lombok,7304.0
2023-12-01,Total,1144542.0
2023-12-01,Sultan Badaruddin II,6.0
2023-12-01,B. Pintu Laut,291763.0
2023-12-01,Sam Ratulangi,3917.0
2023-12-01,Tanjung Uban,26205.0
2023-12-01,Tanjung Pinang,7022.0
2023-12-01,Tanjung Balai Karimun,6634.0
2023-12-01,Tanjung Benoa,801.0
2023-12-01,Pintu Laut Lainnya,101883.0
2023-12-01,Jumlah (A+B+C),1144542.0
2023-12-01,Tanjung Mas,
2023-12-01,Atambua,12678.0
2023-12-01,Entikong,4522.0
2023-12-01,Aruk,3605.0
2023-12-01,Nanga Badau,1363.0
2023-12-01,Pintu Darat Lainnya,87873.0
2023-12-01,Batam,149218.0
2023-12-01,C. Pintu Darat,121486.0
2023-12-01,Jayapura,11445.0
2024-01-01,Adi Sucipto,6879.0
2024-01-01,B. Pintu Laut,198072.0
2024-01-01,Soekarno-Hatta,157979.0
2024-01-01,Juanda,17196.0
2024-01-01,Kualanamu,14751.0
2024-01-01,Husein Sastranegara,0.0
2024-01-01,Bandara Int. Lombok,4958.0
2024-01-01,Pintu Udara Lainnya,1941.0
2024-01-01,Ngurah Rai,414937.0
2024-01-01,Sultan Syarif Kasim II,2126.0
2024-01-01,Sultan Iskandar Muda,2379.0
2024-01-01,Ahmad Yani,0.0
2024-01-01,Supadio,0.0
2024-01-01,Hasanuddin,742.0
2024-01-01,Sultan Badaruddin II,0.0
2024-01-01,Sam Ratulangi,3384.0
2024-01-01,C. Pintu Darat,97713.0
2024-01-01,Minangkabau,4689.0
2024-01-01,Entikong,2366.0
2024-01-01,A. Pintu Udara,631961.0
2024-01-01,Tanjung Pinang,2803.0
2024-01-01,Tanjung Balai Karimun,4050.0
2024-01-01,Tanjung Benoa,853.0
2024-01-01,Tanjung Mas,0.0
2024-01-01,Pintu Laut Lainnya,101088.0
2024-01-01,Jayapura,8254.0
2024-01-01,Batam,77836.0
2024-01-01,Atambua,8426.0
2024-01-01,Aruk,1733.0
2024-01-01,Nanga Badau,687.0
2024-01-01,Pintu Darat Lainnya,76247.0
2024-01-01,Jumlah (A+B+C),927746.0
2024-01-01,Lainnya,
2024-01-01,Total,927746.0
2024-01-01,Tanjung Uban,11442.0
2024-02-01,B. Pintu Laut,239718.0
2024-02-01,Ngurah Rai,454398.0
2024-02-01,Juanda,28026.0
2024-02-01,Kualanamu,24628.0
2024-02-01,Husein Sastranegara,0.0
2024-02-01,Adi Sucipto,9813.0
2024-02-01,Bandara Int. Lombok,7748.0
2024-02-01,Sultan Iskandar Muda,4421.0
2024-02-01,Minangkabau,8229.0
2024-02-01,Sultan Syarif Kasim II,3709.0
2024-02-01,Pintu Udara Lainnya,2432.0
2024-02-01,Ahmad Yani,2.0
2024-02-01,Supadio,0.0
2024-02-01,Hasanuddin,1408.0
2024-02-01,Sultan Badaruddin II,2.0
2024-02-01,A. Pintu Udara,735072.0
2024-02-01,Sam Ratulangi,2615.0
2024-02-01,Soekarno-Hatta,187641.0
2024-02-01,Atambua,7423.0
2024-02-01,Batam,111758.0
2024-02-01,Tanjung Pinang,5921.0
2024-02-01,Tanjung Balai Karimun,7747.0
2024-02-01,Tanjung Benoa,879.0
2024-02-01,Tanjung Mas,0.0
2024-02-01,Pintu Laut Lainnya,94981.0
2024-02-01,C. Pintu Darat,87359.0
2024-02-01,Jayapura,6903.0
2024-02-01,Tanjung Uban,18432.0
2024-02-01,Entikong,4380.0
2024-02-01,Aruk,4433.0
2024-02-01,Pintu Darat Lainnya,63270.0
2024-02-01,Jumlah (A+B+C),1062149.0
2024-02-01,Lainnya,
2024-02-01,Total,1062149.0
2024-02-01,Nanga Badau,950.0
2024-03-01,Soekarno-Hatta,160917.0
2024-03-01,Sam Ratulangi,4045.0
2024-03-01,Kualanamu,15068.0
2024-03-01,Husein Sastranegara,0.0
2024-03-01,Adi Sucipto,6258.0
2024-03-01,Bandara Int. Lombok,5208.0
2024-03-01,A. Pintu Udara,682439.0
2024-03-01,Sultan Syarif Kasim II,2081.0
2024-03-01,Minangkabau,2976.0
2024-03-01,Sultan Iskandar Muda,1582.0
2024-03-01,Ahmad Yani,0.0
2024-03-01,Supadio,0.0
2024-03-01,Hasanuddin,579.0
2024-03-01,Ngurah Rai,463804.0
2024-03-01,Pintu Udara Lainnya,1376.0
2024-03-01,Sultan Badaruddin II,2.0
2024-03-01,Juanda,18543.0
2024-03-01,C. Pintu Darat,107409.0
2024-03-01,Tanjung Uban,20741.0
2024-03-01,Tanjung Pinang,4868.0
2024-03-01,Tanjung Balai Karimun,5039.0
2024-03-01,Tanjung Benoa,5423.0
2024-03-01,Tanjung Mas,0.0
2024-03-01,Pintu Laut Lainnya,111751.0
2024-03-01,Jayapura,6515.0
2024-03-01,Nanga Badau,965.0
2024-03-01,B. Pintu Laut,252013.0
2024-03-01,Aruk,2400.0
2024-03-01,Batam,104191.0
2024-03-01,Pintu Darat Lainnya,86031.0
2024-03-01,Jumlah (A+B+C),1041861.0
2024-03-01,Lainnya,
2024-03-01,Total,1041861.0
2024-03-01,Atambua,8958.0
2024-03-01,Entikong,2540.0
2024-04-01,A. Pintu Udara,750085.0
2024-04-01,Ngurah Rai,502870.0
2024-04-01,Soekarno-Hatta,157409.0
2024-04-01,Juanda,29043.0
2024-04-01,Kualanamu,25178.0
2024-04-01,Husein Sastranegara,0.0
2024-04-01,Adi Sucipto,8790.0
2024-04-01,Sultan Syarif Kasim II,3996.0
2024-04-01,Sam Ratulangi,3451.0
2024-04-01,Minangkabau,7166.0
2024-04-01,Sultan Iskandar Muda,2533.0
2024-04-01,Ahmad Yani,0.0
2024-04-01,Supadio,0.0
2024-04-01,Hasanuddin,1402.0
2024-04-01,Sultan Badaruddin II,0.0
2024-04-01,Pintu Udara Lainnya,1711.0
2024-04-01,Bandara Int. Lombok,6536.0
2024-04-01,B. Pintu Laut,211716.0
2024-04-01,Jayapura,7129.0
2024-04-01,Total,1066958.0
2024-04-01,Tanjung Uban,14202.0
2024-04-01,Tanjung Pinang,2614.0
2024-04-01,Tanjung Balai Karimun,6899.0
2024-04-01,Tanjung Benoa,324.0
2024-04-01,Pintu Laut Lainnya,109003.0
2024-04-01,C. Pintu Darat,105157.0
2024-04-01,Tanjung Mas,0.0
2024-04-01,Atambua,9209.0
2024-04-01,Entikong,4042.0
2024-04-01,Nanga Badau,486.0
2024-04-01,Pintu Darat Lainnya,80770.0
2024-04-01,Jumlah (A+B+C),1066958.0
2024-04-01,Lainnya,
2024-04-01,Batam,78674.0
2024-04-01,Aruk,3521.0
2024-05-01,Husein Sastranegara,0.0
2024-05-01,Pintu Udara Lainnya,2396.0
2024-05-01,A. Pintu Udara,835722.0
2024-05-01,Ngurah Rai,544492.0
2024-05-01,Soekarno-Hatta,201574.0
2024-05-01,Juanda,31222.0
2024-05-01,Adi Sucipto,11323.0
2024-05-01,Bandara Int. Lombok,7742.0
2024-05-01,Sam Ratulangi,3427.0
2024-05-01,Minangkabau,7107.0
2024-05-01,Sultan Syarif Kasim II,2849.0
2024-05-01,Sultan Iskandar Muda,2050.0
2024-05-01,Ahmad Yani,0.0
2024-05-01,Supadio,0.0
2024-05-01,Hasanuddin,1066.0
2024-05-01,Kualanamu,20469.0
2024-05-01,Sultan Badaruddin II,5.0
2024-05-01,B. Pintu Laut,212718.0
2024-05-01,Jayapura,7305.0
2024-05-01,Tanjung Uban,14974.0
2024-05-01,Tanjung Pinang,3904.0
2024-05-01,Tanjung Balai Karimun,5292.0
2024-05-01,Tanjung Benoa,109.0
2024-05-01,Tanjung Mas,0.0
2024-05-01,Pintu Laut Lainnya,89035.0
2024-05-01,C. Pintu Darat,97059.0
2024-05-01,Total,1145499.0
2024-05-01,Atambua,9670.0
2024-05-01,Entikong,3737.0
2024-05-01,Nanga Badau,833.0
2024-05-01,Pintu Darat Lainnya,73289.0
2024-05-01,Jumlah (A+B+C),1145499.0
2024-05-01,Lainnya,
2024-05-01,Batam,99404.0
2024-05-01,Aruk,2225.0
2024-06-01,Ngurah Rai,520792.0
2024-06-01,Juanda,25015.0
2024-06-01,Kualanamu,16949.0
2024-06-01,Husein Sastranegara,0.0
2024-06-01,Adi Sucipto,8134.0
2024-06-01,Pintu Udara Lainnya,2092.0
2024-06-01,Sultan Iskandar Muda,2080.0
2024-06-01,Minangkabau,4561.0
2024-06-01,Sultan Syarif Kasim II,4637.0
2024-06-01,A. Pintu Udara,821654.0
2024-06-01,Ahmad Yani,0.0
2024-06-01,Supadio,0.0
2024-06-01,Hasanuddin,1092.0
2024-06-01,Bandara Int. Lombok,6893.0
2024-06-01,Sam Ratulangi,3424.0
2024-06-01,Sultan Badaruddin II,0.0
2024-06-01,Soekarno-Hatta,225985.0
2024-06-01,Total,1197941.0
2024-06-01,B. Pintu Laut,261165.0
2024-06-01,Pintu Laut Lainnya,94945.0
2024-06-01,Tanjung Uban,22829.0
2024-06-01,Tanjung Pinang,6135.0
2024-06-01,Tanjung Balai Karimun,6436.0
2024-06-01,Tanjung Mas,0.0
2024-06-01,C. Pintu Darat,115122.0
2024-06-01,Batam,130714.0
2024-06-01,Tanjung Benoa,106.0
2024-06-01,Entikong,2819.0
2024-06-01,Aruk,2878.0
2024-06-01,Nanga Badau,1028.0
2024-06-01,Pintu Darat Lainnya,88679.0
2024-06-01,Jumlah (A+B+C),1197941.0
2024-06-01,Lainnya,
2024-06-01,Jayapura,8577.0
2024-06-01,Atambua,11141.0
2024-07-01,Husein Sastranegara,22.0
2024-07-01,A. Pintu Udara,994583.0
2024-07-01,Ngurah Rai,625569.0
2024-07-01,Soekarno-Hatta,271680.0
2024-07-01,Juanda,34446.0
2024-07-01,Kualanamu,22693.0
2024-07-01,Adi Sucipto,11120.0
2024-07-01,Sultan Badaruddin II,15.0
2024-07-01,Sam Ratulangi,4743.0
2024-07-01,Minangkabau,5936.0
2024-07-01,Sultan Syarif Kasim II,2516.0
2024-07-01,Sultan Iskandar Muda,2489.0
2024-07-01,Ahmad Yani,0.0
2024-07-01,Supadio,0.0
2024-07-01,Hasanuddin,1532.0
2024-07-01,Pintu Udara Lainnya,3170.0
2024-07-01,Bandara Int. Lombok,8652.0
2024-07-01,Total,1310756.0
2024-07-01,Jayapura,8544.0
2024-07-01,Tanjung Uban,16210.0
2024-07-01,Tanjung Pinang,3573.0
2024-07-01,Tanjung Balai Karimun,5476.0
2024-07-01,Tanjung Benoa,95.0
2024-07-01,Tanjung Mas,0.0
2024-07-01,Pintu Laut Lainnya,86784.0
2024-07-01,C. Pintu Darat,103740.0
2024-07-01,B. Pintu Laut,212433.0
2024-07-01,Atambua,11847.0
2024-07-01,Entikong,3204.0
2024-07-01,Nanga Badau,940.0
2024-07-01,Pintu Darat Lainnya,76279.0
2024-07-01,Jumlah (A+B+C),1310756.0
2024-07-01,Lainnya,
2024-07-01,Batam,100295.0
2024-07-01,Aruk,2926.0
2024-08-01,Pintu Udara Lainnya,2842.0
2024-08-01,A. Pintu Udara,987547.0
2024-08-01,Ngurah Rai,613540.0
2024-08-01,Soekarno-Hatta,272849.0
2024-08-01,Juanda,38587.0
2024-08-01,Husein Sastranegara,0.0
2024-08-01,Adi Sucipto,10136.0
2024-08-01,Sultan Syarif Kasim II,3940.0
2024-08-01,Sam Ratulangi,4436.0
2024-08-01,Minangkabau,6685.0
2024-08-01,Sultan Iskandar Muda,3042.0
2024-08-01,Ahmad Yani,0.0
2024-08-01,Supadio,0.0
2024-08-01,Hasanuddin,1427.0
2024-08-01,Sultan Badaruddin II,11.0
2024-08-01,Kualanamu,21930.0
2024-08-01,Bandara Int. Lombok,8122.0
2024-08-01,B. Pintu Laut,248758.0
2024-08-01,Jayapura,9481.0
2024-08-01,Total,1339946.0
2024-08-01,Tanjung Uban,20655.0
2024-08-01,Tanjung Pinang,5948.0
2024-08-01,Tanjung Balai Karimun,6555.0
2024-08-01,Tanjung Benoa,3100.0
2024-08-01,Pintu Laut Lainnya,92950.0
2024-08-01,C. Pintu Darat,103641.0
2024-08-01,Tanjung Mas,0.0
2024-08-01,Atambua,10029.0
2024-08-01,Entikong,3191.0
2024-08-01,Nanga Badau,892.0
2024-08-01,Pintu Darat Lainnya,77229.0
2024-08-01,Jumlah (A+B+C),1339946.0
2024-08-01,Lainnya,
2024-08-01,Batam,119550.0
2024-08-01,Aruk,2819.0
2024-09-01,Husein Sastranegara,0.0
2024-09-01,A. Pintu Udara,941903.0
2024-09-01,Ngurah Rai,591848.0
2024-09-01,Soekarno-Hatta,250852.0
2024-09-01,Juanda,31700.0
2024-09-01,Kualanamu,24956.0
2024-09-01,Adi Sucipto,9621.0
2024-09-01,Sultan Badaruddin II,0.0
2024-09-01,Sam Ratulangi,4791.0
2024-09-01,Minangkabau,8232.0
2024-09-01,Sultan Syarif Kasim II,3320.0
2024-09-01,Sultan Iskandar Muda,3909.0
2024-09-01,Ahmad Yani,0.0
2024-09-01,Supadio,5.0
2024-09-01,Hasanuddin,1326.0
2024-09-01,Bandara Int. Lombok,7461.0
2024-09-01,Jayapura,11649.0
2024-09-01,Pintu Udara Lainnya,3882.0
2024-09-01,Total,1279258.0
2024-09-01,Pintu Laut Lainnya,87235.0
2024-09-01,Tanjung Uban,16058.0
2024-09-01,Tanjung Pinang,4898.0
2024-09-01,Tanjung Balai Karimun,6814.0
2024-09-01,Tanjung Benoa,2061.0
2024-09-01,Tanjung Mas,0.0
2024-09-01,C. Pintu Darat,105607.0
2024-09-01,B. Pintu Laut,231748.0
2024-09-01,Atambua,8384.0
2024-09-01,Entikong,4256.0
2024-09-01,Aruk,3680.0
2024-09-01,Nanga Badau,1116.0
2024-09-01,Pintu Darat Lainnya,76522.0
2024-09-01,Jumlah (A+B+C),1279258.0
2024-09-01,Lainnya,
2024-09-01,Batam,114682.0
2024-10-01,Soekarno-Hatta,218170.0
2024-10-01,Juanda,28182.0
2024-10-01,Kualanamu,20129.0
2024-10-01,Husein Sastranegara,0.0
2024-10-01,Adi Sucipto,7828.0
2024-10-01,Bandara Int. Lombok,7169.0
2024-10-01,A. Pintu Udara,859747.0
2024-10-01,Ahmad Yani,0.0
2024-10-01,Sultan Syarif Kasim II,2637.0
2024-10-01,Sultan Iskandar Muda,3237.0
2024-10-01,Supadio,3.0
2024-10-01,Hasanuddin,1091.0
2024-10-01,Sultan Badaruddin II,0.0
2024-10-01,Sam Ratulangi,4674.0
2024-10-01,Ngurah Rai,554892.0
2024-10-01,Minangkabau,7511.0
2024-10-01,Pintu Udara Lainnya,4224.0
2024-10-01,B. Pintu Laut,218620.0
2024-10-01,Batam,109864.0
2024-10-01,Tanjung Balai Karimun,6770.0
2024-10-01,Tanjung Benoa,5019.0
2024-10-01,Tanjung Mas,0.0
2024-10-01,Pintu Laut Lainnya,76419.0
2024-10-01,C. Pintu Darat,115500.0
2024-10-01,Jayapura,10715.0
2024-10-01,Nanga Badau,742.0
2024-10-01,Tanjung Pinang,4632.0
2024-10-01,Aruk,2376.0
2024-10-01,Pintu Darat Lainnya,85311.0
2024-10-01,Jumlah (A+B+C),1193867.0
2024-10-01,Lainnya,
2024-10-01,Total,1193867.0
2024-10-01,Tanjung Uban,15916.0
2024-10-01,Atambua,13025.0
2024-10-01,Entikong,3331.0
2024-11-01,Ngurah Rai,472714.0
2024-11-01,Soekarno-Hatta,212178.0
2024-11-01,Juanda,20820.0
2024-11-01,B. Pintu Laut,223293.0
2024-11-01,Husein Sastranegara,0.0
2024-11-01,Adi Sucipto,6728.0
2024-11-01,Kualanamu,19145.0
2024-11-01,Ahmad Yani,0.0
2024-11-01,Sultan Syarif Kasim II,2485.0
2024-11-01,Sultan Iskandar Muda,2534.0
2024-11-01,Supadio,0.0
2024-11-01,Hasanuddin,947.0
2024-11-01,Sultan Badaruddin II,0.0
2024-11-01,Bandara Int. Lombok,4947.0
2024-11-01,A. Pintu Udara,756972.0
2024-11-01,Minangkabau,6041.0
2024-11-01,Pintu Udara Lainnya,3901.0
2024-11-01,Sam Ratulangi,4532.0
2024-11-01,Batam,111306.0
2024-11-01,Tanjung Balai Karimun,6911.0
2024-11-01,Tanjung Benoa,186.0
2024-11-01,Tanjung Mas,565.0
2024-11-01,Pintu Laut Lainnya,85004.0
2024-11-01,C. Pintu Darat,111802.0
2024-11-01,Total,1092067.0
2024-11-01,Aruk,2208.0
2024-11-01,Tanjung Pinang,4388.0
2024-11-01,Entikong,2797.0
2024-11-01,Nanga Badau,732.0
2024-11-01,Pintu Darat Lainnya,78517.0
2024-11-01,Jumlah (A+B+C),1092067.0
2024-11-01,Lainnya,
2024-11-01,Tanjung Uban,14933.0
2024-11-01,Jayapura,11188.0
2024-11-01,Atambua,16360.0
2024-12-01,Ngurah Rai,548685.0
2024-12-01,Soekarno-Hatta,207019.0
2024-12-01,Juanda,19265.0
2024-12-01,Kualanamu,21142.0
2024-12-01,Husein Sastranegara,0.0
2024-12-01,Adi Sucipto,7167.0
2024-12-01,Bandara Int. Lombok,6108.0
2024-12-01,Ahmad Yani,0.0
2024-12-01,Sultan Syarif Kasim II,2800.0
2024-12-01,Sultan Iskandar Muda,3598.0
2024-12-01,Supadio,0.0
2024-12-01,Hasanuddin,1085.0
2024-12-01,Pintu Udara Lainnya,4347.0
2024-12-01,Total,1228630.0
2024-12-01,A. Pintu Udara,832865.0
2024-12-01,Minangkabau,7550.0
2024-12-01,Lainnya,0.0
2024-12-01,Sultan Badaruddin II,2.0
2024-12-01,Sam Ratulangi,4097.0
2024-12-01,Tanjung Pinang,5788.0
2024-12-01,Tanjung Balai Karimun,7649.0
2024-12-01,Tanjung Benoa,53.0
2024-12-01,Tanjung Mas,1302.0
2024-12-01,Pintu Laut Lainnya,69742.0
2024-12-01,Jumlah (A+B+C),1228630.0
2024-12-01,Jayapura,14613.0
2024-12-01,Tanjung Uban,22213.0
2024-12-01,Entikong,5017.0
2024-12-01,Aruk,3787.0
2024-12-01,Nanga Badau,1493.0
2024-12-01,Pintu Darat Lainnya,87412.0
2024-12-01,Batam,157945.0
2024-12-01,C. Pintu Darat,131073.0
2024-12-01,B. Pintu Laut,264692.0
2024-12-01,Atambua,18751.0
2025-01-01,Soekarno-Hatta,193433.0
2025-01-01,Juanda,22119.0
2025-01-01,Kualanamu,23011.0
2025-01-01,Husein Sastranegara,0.0
2025-01-01,Adi Sucipto,6717.0
2025-01-01,Bandara Int. Lombok,6295.0
2025-01-01,Sam Ratulangi,3788.0
2025-01-01,Ahmad Yani,0.0
2025-01-01,Sultan Syarif Kasim II,2684.0
2025-01-01,Sultan Iskandar Muda,3811.0
2025-01-01,Supadio,1.0
2025-01-01,Hasanuddin,1203.0
2025-01-01,Sultan Badaruddin II,0.0
2025-01-01,Minangkabau,8490.0
2025-01-01,B. Pintu Laut,232267.0
2025-01-01,Ngurah Rai,526831.0
2025-01-01,Pintu Udara Lainnya,3231.0
2025-01-01,C. Pintu Darat,122131.0
2025-01-01,Batam,123223.0
2025-01-01,Tanjung Pinang,5583.0
2025-01-01,Tanjung Balai Karimun,8038.0
2025-01-01,Tanjung Benoa,976.0
2025-01-01,Tanjung Mas,640.0
2025-01-01,Pintu Laut Lainnya,78016.0
2025-01-01,Jayapura,12617.0
2025-01-01,Tanjung Uban,15791.0
2025-01-01,A. Pintu Udara,801614.0
2025-01-01,Aruk,3870.0
2025-01-01,Nanga Badau,1143.0
2025-01-01,Pintu Darat Lainnya,88926.0
2025-01-01,Jumlah (A+B+C),1156012.0
2025-01-01,Lainnya,0.0
2025-01-01,Total,1156012.0
2025-01-01,Entikong,4130.0
2025-01-01,Atambua,11445.0
2025-02-01,Ngurah Rai,444411.0
2025-02-01,Soekarno-Hatta,199306.0
2025-02-01,Juanda,19205.0
2025-02-01,Kualanamu,22546.0
2025-02-01,Husein Sastranegara,0.0
2025-02-01,Adi Sucipto,6087.0
2025-02-01,Bandara Int. Lombok,4926.0
2025-02-01,Sultan Iskandar Muda,3825.0
2025-02-01,Minangkabau,7810.0
2025-02-01,Sultan Syarif Kasim II,2446.0
2025-02-01,Ahmad Yani,0.0
2025-02-01,Supadio,0.0
2025-02-01,Hasanuddin,979.0
2025-02-01,Sultan Badaruddin II,0.0
2025-02-01,B. Pintu Laut,203450.0
2025-02-01,A. Pintu Udara,718609.0
2025-02-01,Pintu Udara Lainnya,3571.0
2025-02-01,Sam Ratulangi,3497.0
2025-02-01,Batam,103491.0
2025-02-01,Tanjung Pinang,4095.0
2025-02-01,Tanjung Balai Karimun,7099.0
2025-02-01,Tanjung Benoa,2219.0
2025-02-01,Tanjung Mas,0.0
2025-02-01,Pintu Laut Lainnya,76731.0
2025-02-01,C. Pintu Darat,100835.0
2025-02-01,Jayapura,11015.0
2025-02-01,Tanjung Uban,9815.0
2025-02-01,Entikong,3482.0
2025-02-01,Aruk,3482.0
2025-02-01,Pintu Darat Lainnya,71677.0
2025-02-01,Jumlah (A+B+C),1022894.0
2025-02-01,Lainnya,0.0
2025-02-01,Total,1022894.0
2025-02-01,Atambua,10244.0
2025-02-01,Nanga Badau,935.0
2025-03-01,Soekarno-Hatta,146390.0
2025-03-01,Juanda,15647.0
2025-03-01,Kualanamu,16881.0
2025-03-01,Husein Sastranegara,0.0
2025-03-01,Adi Sucipto,3185.0
2025-03-01,Bandara Int. Lombok,5441.0
2025-03-01,A. Pintu Udara,669479.0
2025-03-01,Sultan Iskandar Muda,1512.0
2025-03-01,Minangkabau,3649.0
2025-03-01,Sultan Syarif Kasim II,2612.0
2025-03-01,Ahmad Yani,0.0
2025-03-01,Supadio,0.0
2025-03-01,Hasanuddin,1300.0
2025-03-01,Sam Ratulangi,4403.0
2025-03-01,Ngurah Rai,464697.0
2025-03-01,Pintu Udara Lainnya,3758.0
2025-03-01,Sultan Badaruddin II,4.0
2025-03-01,C. Pintu Darat,108893.0
2025-03-01,B. Pintu Laut,206397.0
2025-03-01,Tanjung Pinang,5218.0
2025-03-01,Tanjung Balai Karimun,5773.0
2025-03-01,Tanjung Benoa,6154.0
2025-03-01,Tanjung Mas,1129.0
2025-03-01,Pintu Laut Lainnya,71092.0
2025-03-01,Jayapura,5943.0
2025-03-01,Nanga Badau,974.0
2025-03-01,Tanjung Uban,17619.0
2025-03-01,Aruk,3338.0
2025-03-01,Batam,99412.0
2025-03-01,Pintu Darat Lainnya,82657.0
2025-03-01,Jumlah (A+B+C),984769.0
2025-03-01,Lainnya,0.0
2025-03-01,Total,984769.0
2025-03-01,Atambua,13058.0
2025-03-01,Entikong,2923.0
2025-04-01,Ngurah Rai,587315.0
2025-04-01,Soekarno-Hatta,186523.0
2025-04-01,Juanda,24800.0
2025-04-01,Kualanamu,19709.0
2025-04-01,Husein Sastranegara,0.0
2025-04-01,Adi Sucipto,7135.0
2025-04-01,Pintu Udara Lainnya,5317.0
2025-04-01,Sultan Iskandar Muda,2184.0
2025-04-01,Minangkabau,6270.0
2025-04-01,Sultan Syarif Kasim II,2793.0
2025-04-01,Ahmad Yani,0.0
2025-04-01,Supadio,0.0
2025-04-01,Hasanuddin,827.0
2025-04-01,Bandara Int. Lombok,7812.0
2025-04-01,A. Pintu Udara,854756.0
2025-04-01,Sam Ratulangi,4070.0
2025-04-01,Sultan Badaruddin II,1.0
2025-04-01,Total,1164539.0
2025-04-01,B. Pintu Laut,200550.0
2025-04-01,Tanjung Pinang,4995.0
2025-04-01,Tanjung Balai Karimun,6137.0
2025-04-01,Tanjung Benoa,3906.0
2025-04-01,Tanjung Mas,535.0
2025-04-01,Pintu Laut Lainnya,70466.0
2025-04-01,C. Pintu Darat,109233.0
2025-04-01,Aruk,2583.0
2025-04-01,Tanjung Uban,15254.0
2025-04-01,Entikong,2719.0
2025-04-01,Nanga Badau,798.0
2025-04-01,Pintu Darat Lainnya,79545.0
2025-04-01,Jumlah (A+B+C),1164539.0
2025-04-01,Lainnya,0.0
2025-04-01,Batam,99257.0
2025-04-01,Jayapura,9296.0
2025-04-01,Atambua,14292.0
2025-05-01,A. Pintu Udara,
2025-05-01,Ngurah Rai,
2025-05-01,Soekarno-Hatta,
2025-05-01,Juanda,
2025-05-01,Husein Sastranegara,
2025-05-01,Adi Sucipto,
2025-05-01,Bandara Int. Lombok,
2025-05-01,Sultan Syarif Kasim II,
2025-05-01,Sam Ratulangi,
2025-05-01,Minangkabau,
2025-05-01,Sultan Iskandar Muda,
2025-05-01,Ahmad Yani,
2025-05-01,Supadio,
2025-05-01,Hasanuddin,
2025-05-01,Pintu Udara Lainnya,
2025-05-01,Kualanamu,
2025-05-01,Sultan Badaruddin II,
2025-05-01,Atambua,
2025-05-01,Total,
2025-05-01,Tanjung Uban,
2025-05-01,Tanjung Pinang,
2025-05-01,Tanjung Balai Karimun,
2025-05-01,Tanjung Benoa,
2025-05-01,Tanjung Mas,
2025-05-01,Pintu Laut Lainnya,
2025-05-01,C. Pintu Darat,
2025-05-01,B. Pintu Laut,
2025-05-01,Entikong,
2025-05-01,Nanga Badau,
2025-05-01,Pintu Darat Lainnya,
2025-05-01,Jumlah (A+B+C),
2025-05-01,Lainnya,
2025-05-01,Batam,
2025-05-01,Jayapura,
2025-05-01,Aruk,
2025-06-01,Ngurah Rai,
2025-06-01,Soekarno-Hatta,
2025-06-01,Juanda,
2025-06-01,Kualanamu,
2025-06-01,Husein Sastranegara,
2025-06-01,Adi Sucipto,
2025-06-01,Pintu Udara Lainnya,
2025-06-01,Sultan Iskandar Muda,
2025-06-01,Minangkabau,
2025-06-01,Sultan Syarif Kasim II,
2025-06-01,Ahmad Yani,
2025-06-01,Supadio,
2025-06-01,Hasanuddin,
2025-06-01,Bandara Int. Lombok,
2025-06-01,A. Pintu Udara,
2025-06-01,Sam Ratulangi,
2025-06-01,Sultan Badaruddin II,
2025-06-01,Total,
2025-06-01,B. Pintu Laut,
2025-06-01,Tanjung Uban,
2025-06-01,Tanjung Pinang,
2025-06-01,Tanjung Balai Karimun,
2025-06-01,Tanjung Benoa,
2025-06-01,Tanjung Mas,
2025-06-01,C. Pintu Darat,
2025-06-01,Batam,
2025-06-01,Pintu Laut Lainnya,
2025-06-01,Entikong,
2025-06-01,Aruk,
2025-06-01,Nanga Badau,
2025-06-01,Pintu Darat Lainnya,
2025-06-01,Jumlah (A+B+C),
2025-06-01,Lainnya,
2025-06-01,Jayapura,
2025-06-01,Atambua,
2025-07-01,Ngurah Rai,
2025-07-01,Soekarno-Hatta,
2025-07-01,Juanda,
2025-07-01,Kualanamu,
2025-07-01,Husein Sastranegara,
2025-07-01,Adi Sucipto,
2025-07-01,Pintu Udara Lainnya,
2025-07-01,Sultan Iskandar Muda,
2025-07-01,Minangkabau,
2025-07-01,Sultan Syarif Kasim II,
2025-07-01,Ahmad Yani,
2025-07-01,Supadio,
2025-07-01,Hasanuddin,
2025-07-01,Bandara Int. Lombok,
2025-07-01,A. Pintu Udara,
2025-07-01,Sam Ratulangi,
2025-07-01,Sultan Badaruddin II,
2025-07-01,Total,
2025-07-01,B. Pintu Laut,
2025-07-01,Tanjung Pinang,
2025-07-01,Tanjung Balai Karimun,
2025-07-01,Tanjung Benoa,
2025-07-01,Tanjung Mas,
2025-07-01,Pintu Laut Lainnya,
2025-07-01,C. Pintu Darat,
2025-07-01,Aruk,
2025-07-01,Tanjung Uban,
2025-07-01,Entikong,
2025-07-01,Nanga Badau,
2025-07-01,Pintu Darat Lainnya,
2025-07-01,Jumlah (A+B+C),
2025-07-01,Lainnya,
2025-07-01,Batam,
2025-07-01,Jayapura,
2025-07-01,Atambua,
2025-08-01,A. Pintu Udara,
2025-08-01,Ngurah Rai,
2025-08-01,Soekarno-Hatta,
2025-08-01,Juanda,
2025-08-01,Husein Sastranegara,
2025-08-01,Adi Sucipto,
2025-08-01,Kualanamu,
2025-08-01,Sultan Iskandar Muda,
2025-08-01,Minangkabau,
2025-08-01,Sultan Syarif Kasim II,
2025-08-01,Ahmad Yani,
2025-08-01,Supadio,
2025-08-01,Hasanuddin,
2025-08-01,Bandara Int. Lombok,
2025-08-01,Pintu Udara Lainnya,
2025-08-01,Sam Ratulangi,
2025-08-01,Sultan Badaruddin II,
2025-08-01,B. Pintu Laut,
2025-08-01,Total,
2025-08-01,Tanjung Pinang,
2025-08-01,Tanjung Balai Karimun,
2025-08-01,Tanjung Benoa,
2025-08-01,Tanjung Mas,
2025-08-01,Pintu Laut Lainnya,
2025-08-01,C. Pintu Darat,
2025-08-01,Aruk,
2025-08-01,Tanjung Uban,
2025-08-01,Entikong,
2025-08-01,Nanga Badau,
2025-08-01,Pintu Darat Lainnya,
2025-08-01,Jumlah (A+B+C),
2025-08-01,Lainnya,
2025-08-01,Batam,
2025-08-01,Jayapura,
2025-08-01,Atambua,
2025-09-01,Ngurah Rai,
2025-09-01,Soekarno-Hatta,
2025-09-01,Juanda,
2025-09-01,Kualanamu,
2025-09-01,Husein Sastranegara,
2025-09-01,Adi Sucipto,
2025-09-01,Bandara Int. Lombok,
2025-09-01,Sultan Syarif Kasim II,
2025-09-01,Sam Ratulangi,
2025-09-01,Minangkabau,
2025-09-01,Sultan Iskandar Muda,
2025-09-01,Ahmad Yani,
2025-09-01,Supadio,
2025-09-01,Hasanuddin,
2025-09-01,A. Pintu Udara,
2025-09-01,Pintu Udara Lainnya,
2025-09-01,Sultan Badaruddin II,
2025-09-01,Atambua,
2025-09-01,B. Pintu Laut,
2025-09-01,Pintu Laut Lainnya,
2025-09-01,Tanjung Uban,
2025-09-01,Tanjung Pinang,
2025-09-01,Tanjung Balai Karimun,
2025-09-01,Tanjung Benoa,
2025-09-01,Tanjung Mas,
2025-09-01,C. Pintu Darat,
2025-09-01,Jayapura,
2025-09-01,Entikong,
2025-09-01,Aruk,
2025-09-01,Nanga Badau,
2025-09-01,Pintu Darat Lainnya,
2025-09-01,Jumlah (A+B+C),
2025-09-01,Lainnya,
2025-09-01,Total,
2025-09-01,Batam,
2025-10-01,Soekarno-Hatta,
2025-10-01,Juanda,
2025-10-01,Kualanamu,
2025-10-01,Husein Sastranegara,
2025-10-01,Adi Sucipto,
2025-10-01,Bandara Int. Lombok,
2025-10-01,A. Pintu Udara,
2025-10-01,Ahmad Yani,
2025-10-01,Sultan Syarif Kasim II,
2025-10-01,Sultan Iskandar Muda,
2025-10-01,Supadio,
2025-10-01,Hasanuddin,
2025-10-01,Sultan Badaruddin II,
2025-10-01,Sam Ratulangi,
2025-10-01,Ngurah Rai,
2025-10-01,Minangkabau,
2025-10-01,Pintu Udara Lainnya,
2025-10-01,B. Pintu Laut,
2025-10-01,Batam,
2025-10-01,Tanjung Balai Karimun,
2025-10-01,Tanjung Benoa,
2025-10-01,Tanjung Mas,
2025-10-01,Pintu Laut Lainnya,
2025-10-01,C. Pintu Darat,
2025-10-01,Jayapura,
2025-10-01,Nanga Badau,
2025-10-01,Tanjung Pinang,
2025-10-01,Aruk,
2025-10-01,Pintu Darat Lainnya,
2025-10-01,Jumlah (A+B+C),
2025-10-01,Lainnya,
2025-10-01,Total,
2025-10-01,Tanjung Uban,
2025-10-01,Atambua,
2025-10-01,Entikong,
2025-11-01,Ngurah Rai,
2025-11-01,Soekarno-Hatta,
2025-11-01,Juanda,
2025-11-01,B. Pintu Laut,
2025-11-01,Husein Sastranegara,
2025-11-01,Adi Sucipto,
2025-11-01,Bandara Int. Lombok,
2025-11-01,Sultan Iskandar Muda,
2025-11-01,Minangkabau,
2025-11-01,Sultan Syarif Kasim II,
2025-11-01,Ahmad Yani,
2025-11-01,Supadio,
2025-11-01,Hasanuddin,
2025-11-01,Sultan Badaruddin II,
2025-11-01,A. Pintu Udara,
2025-11-01,Kualanamu,
2025-11-01,Pintu Udara Lainnya,
2025-11-01,Atambua,
2025-11-01,Batam,
2025-11-01,Tanjung Pinang,
2025-11-01,Tanjung Balai Karimun,
2025-11-01,Tanjung Benoa,
2025-11-01,Tanjung Mas,
2025-11-01,Sam Ratulangi,
2025-11-01,C. Pintu Darat,
2025-11-01,Total,
2025-11-01,Pintu Laut Lainnya,
2025-11-01,Entikong,
2025-11-01,Nanga Badau,
2025-11-01,Pintu Darat Lainnya,
2025-11-01,Jumlah (A+B+C),
2025-11-01,Lainnya,
2025-11-01,Tanjung Uban,
2025-11-01,Jayapura,
2025-11-01,Aruk,
2025-12-01,A. Pintu Udara,
2025-12-01,Ngurah Rai,
2025-12-01,Soekarno-Hatta,
2025-12-01,Juanda,
2025-12-01,Kualanamu,
2025-12-01,Husein Sastranegara,
2025-12-01,Hasanuddin,
2025-12-01,Bandara Int. Lombok,
2025-12-01,Minangkabau,
2025-12-01,Sultan Syarif Kasim II,
2025-12-01,Sultan Iskandar Muda,
2025-12-01,Ahmad Yani,
2025-12-01,Supadio,
2025-12-01,Lainnya,
2025-12-01,Adi Sucipto,
2025-12-01,Sultan Badaruddin II,
2025-12-01,Atambua,
2025-12-01,B. Pintu Laut,
2025-12-01,Pintu Udara Lainnya,
2025-12-01,Tanjung Uban,
2025-12-01,Tanjung Pinang,
2025-12-01,Tanjung Balai Karimun,
2025-12-01,Tanjung Benoa,
2025-12-01,Tanjung Mas,
2025-12-01,Pintu Laut Lainnya,
2025-12-01,Jumlah (A+B+C),
2025-12-01,Jayapura,
2025-12-01,Entikong,
2025-12-01,Aruk,
2025-12-01,Nanga Badau,
2025-12-01,Pintu Darat Lainnya,
2025-12-01,Batam,
2025-12-01,C. Pintu Darat,
2025-12-01,Sam Ratulangi,
2025-12-01,Total,
